Loudness,Acousticness,Key,Liveness,Tempo,Energy,Added At,Track Name,Valence,Mode,Duration (ms),Release Date,Speechiness,Artist Name(s),Danceability,Record Label,Genres,﻿Track URI,Explicit,Popularity,Time Signature,Added By,Album Name,Genre,Instrumentalness
-9.118,0.033,5,0.114,102.642,0.605,2024-07-31T17:38:24Z,Your Woman,0.795,0,259893,1997-02-24,0.0368,White Town,0.815,Echo,Instrumental,spotify:track:3UBItNVbFQiVC5hBQlBvnr,false,75,4,rwinj,Women in Technology,Instrumental,0.684
-9.541,0.172,2,0.0489,113.951,0.603,2024-07-31T18:03:05Z,The Globe,0.696,1,364640,1991-07-16,0.13,Big Audio Dynamite,0.917,Columbia,"new wave,alternative dance",spotify:track:26UgQ719aQ39QAHytxPuVJ,false,44,4,rwinj,The Globe,,0
-12.765,0.291,7,0.0954,88.826,0.485,2024-08-01T04:26:50Z,Biafra,0.784,1,146893,2013-02-06,0.0427,"Derrick Harriott,The Crystalites",0.667,Crystal Records,"rocksteady,lovers rock,reggae,ska,roots reggae,dub",spotify:track:7vRKk4pKDF8I6hqTw6YGj5,false,30,4,rwinj,For a Fistful of Dollars,,0.803
-5.94,0.0691,6,0.0828,161.672,0.633,2024-08-03T15:21:33Z,Doctor Worm,0.727,1,181533,1998-08-11,0.0316,They Might Be Giants,0.531,Idlewild Recordings,Pop,spotify:track:0yoPmoBc2sRaxndGzhJb8y,false,40,4,rwinj,Severe Tire Damage,Pop,0
-8.443,0.00556,4,0.0801,105.848,0.89,2024-08-03T15:27:35Z,Don't Sweat The Technique,0.809,1,262800,1992-06-23,0.158,Eric B. & Rakim,0.737,Geffen*,"old school hip hop,east coast hip hop,hip hop",spotify:track:48ZUwXrEOhaXLCxvmRYhZv,false,63,4,rwinj,Don't Sweat The Technique,,0.00171
-6.079,0.00137,9,0.22,89.186,0.821,2024-08-03T15:29:31Z,The Ick,0.645,0,144128,2022-03-08,0.0862,Panic Shack,0.401,Brace Yourself Records,riot grrrl,spotify:track:6QrFV5Z2K5kvSHPzM3vjI3,false,49,4,rwinj,The Ick,,0.000323
-9.195,0.158,7,0.0835,126.242,0.601,2024-08-03T15:32:05Z,All Out Attack,0.141,1,282813,2024-07-17,0.0379,"Johnny Marr,Johnny Marr + The Healers",0.52,BMG Rights Management (UK) Ltd.,Pop,spotify:track:2yL1xzB2RMPjqnHr3coJ9D,false,14,4,rwinj,All Out Attack,Pop,0.00471
-11.524,0.211,0,0.0639,142.218,0.653,2024-08-03T15:32:50Z,That's Entertainment,0.78,0,212786,1980-11-28,0.0336,The Jam,0.567,Polydor Records,"punk,new wave,britpop,power pop",spotify:track:7MH7TkjQ4RA1vG454dciw0,false,62,4,rwinj,Sound Affects,,0.000489
-10.383,0.465,2,0.14,150.425,0.561,2024-08-03T15:35:05Z,I'd Do Anything For Love (But I Won't Do That),0.363,1,718600,1993-01-01,0.0857,Meat Loaf,0.366,Geffen*,Pop,spotify:track:1k2NivgsLlf1jgn13QqEcd,false,47,4,rwinj,Bat Out Of Hell II: Back Into Hell,Pop,0.00000428
-7.163,0.0000112,7,0.118,105.153,0.889,2024-08-03T15:36:58Z,Step On - 2007 Remaster,0.45,1,318506,1990-01-01,0.0332,Happy Mondays,0.595,London Music Stream,"madchester,britpop,alternative dance",spotify:track:4gAU0cHQJFxj1n2ZDiEIzG,false,60,4,rwinj,Pills 'N' Thrills And Bellyaches (Collector's Edition),,0.551
-7.477,0.00963,5,0.135,103.965,0.868,2024-08-03T15:39:51Z,Stayin' Alive - 12 Mix,0.476,1,328186,1999-01-01,0.0429,Happy Mondays,0.489,London Music Stream,"madchester,britpop,alternative dance",spotify:track:18blBNZqVS13VVEI1VgTQ1,false,26,4,rwinj,Greatest Hits,,0.0115
-6.773,0.00315,5,0.417,98.009,0.908,2024-08-03T15:41:54Z,Hallelujah - Club Mix,0.575,1,389493,1993-01-01,0.0349,"Happy Mondays,Andrew Weatherall,Paul Oakenfold",0.62,London Music Stream,"madchester,britpop,alternative dance,space rock,trance",spotify:track:1gAbNhSjDgQEVg8g18mxSZ,false,48,4,rwinj,Hallelujah,,0.19
-4.741,0.0575,7,0.215,129.368,0.949,2024-08-03T15:45:19Z,Suspicious Minds,0.589,1,237466,1985-01-01,0.12,Fine Young Cannibals,0.397,London Music Stream,Pop,spotify:track:2Ywft2Thbf7mPyoD2ntadi,false,60,4,rwinj,Fine Young Cannibals,Pop,0.000388
-4.305,0.0399,7,0.619,198.441,0.887,2024-08-03T15:46:11Z,Holland 1945,0.48,1,192533,1998-02-20,0.0632,Neutral Milk Hotel,0.0621,Merge Records,"anti-folk,folk punk",spotify:track:64DpBZj4IlDFzCwxTq7azl,false,60,4,rwinj,In the Aeroplane Over the Sea,,0.000156
-8.016,0.0794,8,0.137,152.172,0.866,2024-08-03T15:47:37Z,Incinerate,0.455,1,295813,2006-01-01,0.0342,Sonic Youth,0.446,Geffen,"noise rock,grunge,alternative rock,post-punk,shoegaze",spotify:track:0lDoG5fQ9cmpvpenwR7Jln,false,56,4,rwinj,Rather Ripped,,0.543
-6.165,0.0688,8,0.127,102.765,0.816,2024-08-03T15:47:56Z,Naive,0.722,0,203506,2006-01-01,0.0624,The Kooks,0.547,Virgin Records,"indie,indie rock",spotify:track:2RUhtNBh43RtSg0WBPPq3m,false,67,4,rwinj,Inside In / Inside Out,,0
-13.66,0.347,0,0.0997,124.335,0.707,2024-08-03T15:51:41Z,Ride Like the Wind,0.806,0,275506,1979-01-01,0.0478,Christopher Cross,0.669,Rhino/Warner Records,"yacht rock,soft rock",spotify:track:7gUMShP1l20tC0xf17Zplk,false,68,4,rwinj,Christopher Cross,,0.000716
-9.447,0.00111,7,0.124,102.178,0.695,2024-08-30T19:36:35Z,One,0.413,1,447440,1988-08-25,0.0617,Metallica,0.437,Blackened Recordings / Universal Music,"metal,thrash metal,rock,heavy metal,hard rock",spotify:track:5IX4TbIR5mMHGE4wiWwKW0,false,43,3,rwinj,...And Justice For All,,0.0857
-3.963,0.0000194,8,0.0937,149.013,0.813,2024-08-30T22:09:57Z,Turn The Page,0.228,1,366466,1998-01-01,0.0318,Metallica,0.426,Blackened Recordings / Universal Music,"metal,thrash metal,rock,heavy metal,hard rock",spotify:track:1aXFBWnnPFRKUN7vuIA5h0,false,69,4,rwinj,Garage Inc.,,0.022
-3.694,0.000303,10,0.185,143.646,0.901,2024-08-30T22:20:28Z,The Memory Remains,0.547,0,279173,1997-01-01,0.0429,"Metallica,Marianne Faithfull",0.435,Blackened Recordings / Universal Music,"metal,thrash metal,rock,heavy metal,hard rock",spotify:track:6RbC38oDCIXD8V2AOU1Tjr,false,68,4,rwinj,Reload,,0.0072
-9.15,0.000668,7,0.42,103.01,0.687,2024-09-01T19:12:32Z,One (Remastered),0.426,1,446145,1988-09-07,0.0619,Metallica,0.438,Blackened Recordings,"metal,thrash metal,rock,heavy metal,hard rock",spotify:track:0LAcM6I7ijW4VVW0aytl1t,false,76,3,rwinj,...And Justice for All (Remastered Deluxe Box Set),,0.0801
-2.293,0.0000911,4,0.106,126.883,0.982,2024-09-01T20:56:30Z,The Day That Never Comes,0.501,0,476266,2008-01-01,0.0619,Metallica,0.334,Blackened Recordings / Universal Music,"metal,thrash metal,rock,heavy metal,hard rock",spotify:track:13Uvqll8OQDjw3wDweIK9y,false,69,4,rwinj,Death Magnetic,,0.149
-9.131,0.025,7,0.185,148.083,0.79,2024-09-05T15:33:57Z,Victoria,0.901,1,165933,1988-02-29,0.0295,The Fall,0.494,Beggars Banquet,"post-punk,madchester,new wave,deathrock,proto-punk,cold wave",spotify:track:5ziTj3HGli0fqGevKgThlE,false,42,4,rwinj,The Frenz Experiment,,0.166
-7.958,0.00887,2,0.0703,112.089,0.855,2024-09-05T15:38:14Z,Hit the North - Part 1,0.914,1,241120,1988-02-29,0.0415,The Fall,0.693,Beggars Banquet,"post-punk,madchester,new wave,deathrock,proto-punk,cold wave",spotify:track:0XciPb5F3Sm9eDOfUVLDhO,false,40,4,rwinj,The Frenz Experiment,,0.759
-6.308,0.451,2,0.131,128.05,0.668,2024-09-05T15:43:45Z,Mountain Energei,0.653,1,202013,2003-01-01,0.051,The Fall,0.775,Cherry Red Records,"post-punk,madchester,new wave,deathrock,proto-punk,cold wave",spotify:track:2sIaC5trbnNk748yBC8Stc,false,38,4,rwinj,The Real New Fall Formerly 'Country On The Click',,0.0214
-6.217,0.0179,7,0.865,125.006,0.884,2024-09-05T15:50:06Z,Lost in Music,0.528,1,230000,1993-04-19,0.0727,The Fall,0.47,Cherry Red Records,"post-punk,madchester,new wave,deathrock,proto-punk,cold wave",spotify:track:4a4GUIjeimOUlmwHG0vDfI,true,41,4,rwinj,The Infotainment Scan,,0.0343
-13.617,0.134,9,0.0755,126.82,0.661,2024-09-05T15:55:01Z,L.A.,0.808,1,249973,1985-09-27,0.0274,The Fall,0.536,Beggars Banquet,"post-punk,madchester,new wave,deathrock,proto-punk,cold wave",spotify:track:1vHMqo7u3tqyxoZF5C7tGj,false,33,4,rwinj,This Nation's Saving Grace,,0.845
-2.658,0.0434,11,0.264,187.99,0.934,2024-09-11T14:47:13Z,Runnit Back,0.703,0,166173,2024-09-06,0.341,LL COOL J,0.594,"LL COOL J, Inc.","old school hip hop,east coast hip hop",spotify:track:2Qg5BiJCCdVlwjd8xV1LBp,false,12,4,rwinj,THE FORCE,,0.0000122
-6.398,0.132,9,0.0855,102.769,0.694,2024-09-11T15:17:07Z,(White Man) in Hammersmith Palais,0.832,1,240560,2013-08-26,0.0369,The Clash,0.692,Sony Music UK,punk,spotify:track:45xBWOa6oEAk1WlVyr5QAB,false,49,4,rwinj,Hits Back,,0.00000588
-4.869,0.00000155,2,0.0522,101.981,0.921,2024-09-12T03:34:21Z,Sighommi,0.416,1,174557,2024-08-02,0.0384,The Smashing Pumpkins,0.524,Martha's Music,"alternative rock,rock",spotify:track:1zz3gyupVHNCZ3tZiboxyg,false,48,4,rwinj,Aghori Mhori Mei,,0.0276
-15.73,0.735,7,0.832,122.861,0.262,2024-09-12T13:47:49Z,Wish You Were Here,0.375,1,334743,1975-09-12,0.0414,Pink Floyd,0.481,Pink Floyd Records,"progressive rock,psychedelic rock,classic rock,art rock,rock",spotify:track:6mFkJmJqdDVQ1REhVfGgd1,false,84,4,rwinj,Wish You Were Here,,0.0114
-7.08,0.135,9,0.125,173.674,0.909,2024-09-14T20:10:42Z,Highway Star - Remastered 2012,0.443,0,366136,1972-03-25,0.0574,Deep Purple,0.307,EMI Records Limited,"hard rock,classic rock,rock",spotify:track:3uMmllZo1AfoEnVT4ENCD3,false,69,4,rwinj,Machine Head (Remastered),,0.0336
-10.065,0.0000242,2,0.438,131.359,0.946,2024-09-17T15:00:52Z,God Knows It's True,0.531,1,293640,1995-01-01,0.0669,Teenage Fanclub,0.283,Fire Records,"power pop,jangle pop,britpop",spotify:track:5jLKgUAVNJHLtuBKpB3fwu,true,17,4,rwinj,Deep Fried Fanclub,,0.517
-13.374,0.0000082,8,0.235,110.93,0.615,2024-09-17T15:02:00Z,Alcoholiday,0.838,1,326240,1991-11-19,0.0297,Teenage Fanclub,0.371,DGC,"power pop,jangle pop,britpop",spotify:track:6qL0KtO2n1iAcjBmYj8tB9,false,30,4,rwinj,Bandwagonesque,,0.682
-10.535,0.000208,9,0.0889,152.619,0.902,2024-09-17T15:02:35Z,So Far Gone,0.474,1,197493,1995-01-01,0.0696,Teenage Fanclub,0.187,Fire Records,"power pop,jangle pop,britpop",spotify:track:4awfhElagYAbcQXto8QOHK,false,12,4,rwinj,Deep Fried Fanclub,,0.000472
-5.873,0.000625,2,0.0978,74.422,0.781,2024-09-17T15:06:31Z,Smokestack Lightning,0.589,1,276121,2017-03-10,0.03,Soundgarden,0.402,Sub Pop Records,"grunge,post-grunge,hard rock",spotify:track:4y2WvantKl0Lb20MYdMD7D,false,35,4,rwinj,Ultramega OK (Expanded Reissue),,0.00662
-8.082,0.000109,0,0.336,150.994,0.933,2024-09-23T15:08:20Z,No More Heroes - 1996 Remaster,0.837,1,207440,1977-01-01,0.0701,The Stranglers,0.293,Parlophone UK,"proto-punk,new wave",spotify:track:3A6Ty55vQ1NC06EiB1fi9z,false,54,4,rwinj,No More Heroes,,0.145
-4.362,0.00057,7,0.283,85.537,0.882,2024-09-25T00:00:09Z,The Evil Has Landed,0.766,1,390579,2017-08-25,0.0791,Queens of the Stone Age,0.264,Matador,"stoner rock,alternative rock",spotify:track:5xoNx4guLOeGsuFxuqTord,false,53,4,rwinj,Villains,,0.112
-7.804,0.289,2,0.133,107.862,0.573,2024-09-26T10:10:59Z,Harness Your Hopes - B-side,0.581,1,206946,2008-12-09,0.037,Pavement,0.604,Matador,"alternative rock,indie",spotify:track:4vsoWZcvtvSsE0OiVvDDvX,false,76,4,rwinj,Brighten the Corners: Nicene Creedence Ed.,,0.0406
-9.822,0.00596,4,0.166,110.809,0.735,2024-09-26T10:11:35Z,Cut Your Hair,0.643,0,186733,1994-02-14,0.0305,Pavement,0.472,Matador,"alternative rock,indie",spotify:track:4tBl1xhBg5PETpBvFnQmGl,false,60,4,rwinj,Crooked Rain Crooked Rain,,0.00124
-9.973,0.702,4,0.324,173.854,0.727,2024-09-29T14:50:48Z,Subterranean Homesick Blues,0.751,0,141293,1965-03-22,0.05,Bob Dylan,0.576,Columbia,"folk rock,folk,singer-songwriter,roots rock,country rock",spotify:track:6k9DUKMJpWvu6eFG3O64Lg,false,64,4,rwinj,Bringing It All Back Home,,0
-11.94,0.284,4,0.363,184.829,0.806,2024-10-03T03:33:25Z,Spoilt Victorian Child,0.268,1,253200,1985-09-27,0.0663,The Fall,0.241,Beggars Banquet,"post-punk,madchester,new wave,deathrock,proto-punk,cold wave",spotify:track:13q9LDEilSlv7yBI18mX8X,false,25,3,rwinj,This Nation's Saving Grace,,0.0073
-6.005,0.00554,9,0.738,154.895,0.99,2024-10-03T14:04:43Z,Theme From Sparta F.C.,0.679,1,230557,2004-01-01,0.161,The Fall,0.462,Take23CD,"post-punk,madchester,new wave,deathrock,proto-punk,cold wave",spotify:track:7ibaJQcYuEjvkyab1hRN8D,false,36,4,rwinj,Theme From Sparta F.C. #2,,0.222
-7.773,0.0000242,9,0.281,131.145,0.778,2024-10-03T15:07:27Z,Walk on By,0.721,0,382426,1978-05-26,0.0437,The Stranglers,0.401,Parlophone UK,"proto-punk,new wave",spotify:track:468OjJdSYyN77e1tYj4O6Y,false,45,4,rwinj,Black and White,,0.144
-12.535,0.205,0,0.351,75.219,0.413,2024-10-05T00:48:13Z,High Hopes,0.267,0,510964,1994-01-01,0.0251,Pink Floyd,0.519,Pink Floyd Records,"progressive rock,psychedelic rock,classic rock,art rock,rock",spotify:track:5a4MgIUSf9K8wXLSm6xPEx,false,64,4,rwinj,The Division Bell,,0.152
-5.987,0.0751,1,0.372,98.096,0.847,2024-10-06T18:12:18Z,Foxey Lady,0.566,0,198773,1967-05-12,0.0411,Jimi Hendrix,0.507,Legacy Recordings,"psychedelic rock,classic rock,acid rock,blues rock",spotify:track:23MrkN7g6Q5U7GLIxNHN1B,false,63,4,rwinj,Are You Experienced,,0.237
-5.118,0.023,6,0.0404,141.45,0.893,2024-10-07T16:55:47Z,You Just Haven't Earned It Yet Baby,0.798,1,213306,1987-01-01,0.0332,The Smiths,0.547,WM UK,"new wave,madchester,jangle pop",spotify:track:3EHD1utxPtIogoeZ7QrVWT,false,48,4,rwinj,Louder Than Bombs,,0.0189
-6.327,0.0000467,7,0.926,145.403,0.983,2024-10-07T17:25:26Z,Ignite,0.18,1,292942,1982-10-01,0.11,The Damned,0.374,Castle Communications,"punk,proto-punk,gothic rock,post-punk,deathrock,new wave,horror punk",spotify:track:2DSVL59R1cpEjMdtWSpmgd,false,37,4,rwinj,Strawberries (Deluxe Edition),,0.066
-8.076,0.0352,0,0.336,131.271,0.541,2024-10-08T01:22:29Z,Baby Strange,0.87,1,186493,1972-07-21,0.0402,T. Rex,0.541,T-Rex Catalog (Spirit Music),"glam rock,proto-punk",spotify:track:7rpW9vanJhOhe55YkquixZ,false,29,4,rwinj,The Slider,,0
-3.838,0.312,4,0.558,145.056,0.889,2024-10-11T23:53:00Z,12:51,0.592,1,153133,2003-10-28,0.0379,The Strokes,0.451,RCA Records Label,"garage rock,indie rock,alternative rock",spotify:track:6Yu1OL8I0D4vjOzYdsXYGK,true,67,4,rwinj,Room On Fire,,0.8
-10.629,0.129,6,0.369,99.266,0.835,2024-10-14T15:10:08Z,Run's House - Single Version,0.68,1,224106,2002-09-10,0.354,Run–D.M.C.,0.823,Arista/Legacy,"old school hip hop,east coast hip hop,hip hop",spotify:track:7fJyHPR435lgCbviCEtpfg,false,17,4,rwinj,Greatest Hits,,0
-3.683,0.00261,9,0.106,78.746,0.917,2024-10-14T15:21:25Z,Company Culture,0.663,0,182066,2024-09-17,0.0706,Lambrini Girls,0.475,City Slang,"riot grrrl,queercore",spotify:track:4fVNq2mSVupgHjcrVySEEx,true,30,4,rwinj,Company Culture,,0.00000829
-1.734,0.00265,1,0.0604,125.046,0.923,2024-10-15T15:25:54Z,U Should Not Be Doing That,0.797,1,206659,2024-05-21,0.058,Amyl and The Sniffers,0.626,Virgin Music Label And Artist Services Australia (P&D),"riot grrrl,punk",spotify:track:3gq0rDxpS9e6sbO72PBWbn,true,46,4,rwinj,U Should Not Be Doing That / Facts,,0.0000949
-8.812,0.993,11,0.177,178.105,0.363,2024-10-15T15:37:49Z,Turpin Hero,0.884,1,161373,1960-01-01,0.0371,Ewan MacColl,0.528,Topic,"traditional folk,sea shanties,folk,celtic",spotify:track:66T98FNY6lPFeTu2HxxmkQ,false,27,4,rwinj,Chorus from the Gallows,,0.0000594
-12.132,0.549,7,0.0936,108.028,0.673,2024-10-18T03:14:53Z,Voodoo Lady,0.925,1,228093,1994-01-01,0.0474,Ween,0.773,Rhino/Elektra,neo-psychedelic,spotify:track:34rOW0yx7mEBKfvI8b2wSK,false,52,4,rwinj,Chocolate and Cheese,,0.159
-9.646,0.0548,8,0.149,140.531,0.656,2024-10-18T04:19:24Z,Don't Believe A Word,0.899,0,137866,1976-01-01,0.0435,Thin Lizzy,0.448,EMI,"classic rock,hard rock",spotify:track:19Db89BvpKxmuT4S31OkRX,false,53,4,rwinj,Johnny The Fox,,0.000507
-8.374,0.00661,1,0.0721,116.175,0.696,2024-10-18T20:24:45Z,Last Night On Earth,0.52,1,285666,1997-03-03,0.0324,U2,0.552,Universal-Island Records Ltd.,rock,spotify:track:19Sbxm5YTEFwpCYMxrw1gz,false,41,4,rwinj,Pop,,0.00104
-11.305,0.02,0,0.112,134.397,0.764,2024-10-18T20:28:22Z,The Three Sunrises,0.536,1,227800,1985-06-10,0.0519,U2,0.464,Universal-Island Records Ltd.,rock,spotify:track:6SU2NUpgOMJ74GovjEBwYo,false,30,4,rwinj,Wide Awake In America,,0.53
-2.463,0.000153,10,0.115,96.906,0.909,2024-10-18T22:14:22Z,Cancelled,0.236,1,287840,2024-10-04,0.0496,Mötley Crüe,0.501,Big Machine Rock,"glam metal,hard rock,glam rock",spotify:track:6zMBklADPUiVev8tFrMHIy,true,45,4,rwinj,Cancelled,,0.000807
-9.739,0.0805,0,0.184,121.738,0.588,2024-10-21T15:45:22Z,Love Action (I Believe In Love),0.728,1,301826,1981-01-01,0.0321,The Human League,0.702,Virgin Records,"new wave,synthpop",spotify:track:5RBPXlIiZVrr8hab7LpRJB,false,56,4,rwinj,Dare!,,0.0193
-10.028,0.0000557,0,0.318,127.766,0.733,2024-10-25T03:42:39Z,Saturn 5,0.755,1,239160,1994-03-07,0.0318,Inspiral Carpets,0.578,"Mute, a BMG Company","madchester,britpop",spotify:track:5Hz9ae59vLYdFlWA4ymGul,false,50,4,rwinj,Devil Hopping,,0.000134
-5.135,0.000112,0,0.136,152.085,0.816,2024-10-25T16:19:42Z,Almost With You - 2002 Remastered,0.608,1,254360,1982-02-25,0.0331,The Church,0.366,EMI Music Australia,"jangle pop,new wave,post-punk,neo-psychedelic,dream pop",spotify:track:3BLewreWlYMr2MbVUBfBS2,false,48,4,rwinj,The Blurred Crusade,,0.021
-9.152,0.00015,5,0.0703,135.756,0.913,2024-10-27T00:35:58Z,Debaser,0.539,0,171746,1989-04-17,0.0479,Pixies,0.489,4AD,alternative rock,spotify:track:5cy5IStIn7OSHDEIgXeDyq,false,65,4,rwinj,Doolittle,,0.709
-11.964,0.355,0,0.123,113.002,0.593,2024-10-27T00:38:03Z,Enjoy the Silence,0.223,0,372826,1990-03-19,0.0323,Depeche Mode,0.382,Venusnote Ltd.,"new wave,synthpop,darkwave",spotify:track:1JekRMGQ8iN4G1AAdh0SBa,false,70,4,rwinj,Violator (Deluxe),,0.0174
-5.789,0.000802,4,0.381,110.171,0.944,2024-10-27T00:43:55Z,Fix Me Now,0.758,0,283240,1995-01-01,0.042,Garbage,0.643,Almo Sounds,Pop,spotify:track:6ScJH9JpQaPS1cFth9kVvr,false,17,4,rwinj,Garbage (20th Anniversary Edition/Remastered),Pop,0.177
-6.613,0.000855,7,0.0326,101.08,0.752,2024-10-27T03:42:37Z,52 Girls,0.848,1,216333,1979-07-11,0.0303,The B-52's,0.635,Reprise,"new wave,post-punk",spotify:track:0hV8cbzJubHKLSFIsBnYUo,false,51,4,rwinj,The B-52's,,0.00858
-3.961,0.0125,4,0.145,117.413,0.857,2024-10-27T04:18:22Z,Know Your Enemy,0.623,1,294506,1992-01-01,0.155,Rage Against The Machine,0.575,Epic/Legacy,"rap metal,rap rock,alternative metal,nu metal",spotify:track:1XTGyfJeMiZXrZ1W3NolcB,true,69,4,rwinj,Rage Against The Machine - XX (20th Anniversary Special Edition),,0.00229
-5.275,0.0305,5,0.0377,111.795,0.978,2024-10-27T04:19:50Z,Rocket Queen,0.399,0,373266,1987-07-21,0.0443,Guns N' Roses,0.446,Guns N Roses P&D,"rock,glam metal,hard rock,classic rock",spotify:track:0xaNdYwK8ZF3cHSjraQGC0,false,66,4,rwinj,Appetite For Destruction,,0.162
-15.241,0.0546,2,0.106,175.185,0.647,2024-10-27T04:21:58Z,Helpless Automaton,0.911,1,201560,1981-11-09,0.0339,Men At Work,0.526,Columbia,Pop,spotify:track:6CuWIU14sDKQDafyyMMLsA,false,42,4,rwinj,Business As Usual,Pop,0.00516
-6.304,0.004,0,0.0909,157.609,0.886,2024-10-27T04:23:17Z,Barely Legal,0.857,1,234733,2001-07-30,0.037,The Strokes,0.427,RCA Records Label,"garage rock,indie rock,alternative rock",spotify:track:4KC2Z9dL4jL61Ys35N6srg,true,59,4,rwinj,Is This It,,0.0532
-7.223,0.0209,0,0.13,116.953,0.826,2024-10-27T04:25:14Z,Run - 2015 Remaster,0.75,1,271706,1989-01-30,0.0262,New Order,0.592,Rhino,"new wave,synthpop,post-punk,madchester",spotify:track:4oX5RBbeNrLsMVSWs1eO2E,false,41,4,rwinj,Technique,,0.261
-5.245,0.0098,4,0.343,144.987,0.828,2024-10-27T04:26:04Z,Use It,0.616,1,206773,2005-08-22,0.0389,The New Pornographers,0.552,Matador,"power pop,indie rock,indie",spotify:track:0IMZX10u38NefQy3LHhQJf,true,35,4,rwinj,Twin Cinema,,0.00000853
-4.951,0.205,5,0.262,148.781,0.932,2024-10-27T04:26:54Z,Airborne,0.47,1,196906,2005-01-01,0.147,Wussy,0.423,Shake It Records,Rock/Alternative,spotify:track:2prkFGHxtYClSDOMdKj2wM,false,26,4,rwinj,Funeral Dress,Rock/Alternative,0.00134
-6.516,0.000131,9,0.541,156.481,0.777,2024-10-27T04:37:43Z,Interzone - 2019 Digital Master,0.727,1,136106,1979-06-15,0.0506,Joy Division,0.472,Rhino,"post-punk,new wave,gothic rock,darkwave,madchester,cold wave",spotify:track:4yvgL1k1WkuSEHkMPhDF5X,false,43,4,rwinj,Unknown Pleasures,,0.656
-5.587,0.000566,11,0.11,137.949,0.881,2024-10-27T04:38:16Z,A Certain Romance,0.201,1,331200,2006-01-29,0.0401,Arctic Monkeys,0.455,Domino Recording Co,"indie,garage rock",spotify:track:0eDQj41kzBhMKQIkTt6OJR,false,67,4,rwinj,Whatever People Say I Am That's What I'm Not,,0.0000606
-12.221,0.0559,1,0.0527,107.65,0.611,2024-10-27T04:38:53Z,Trans-Europe Express - 2009 Remaster,0.718,1,397373,1977-01-01,0.118,Kraftwerk,0.878,Parlophone UK,"krautrock,neue deutsche welle,synthpop,electronic,new wave,electro",spotify:track:3UjH6apk0ogZeIqhHbjrRU,false,42,4,rwinj,Trans-Europe Express (2009 Remaster),,0.838
-11.599,0.139,4,0.107,115.658,0.403,2024-10-27T04:40:08Z,Red Right Hand,0.453,0,370573,1994-04-18,0.037,Nick Cave & The Bad Seeds,0.735,"Mute, a BMG Company",Pop,spotify:track:0jVo3e34A15l6MNu1O3cfa,false,66,4,rwinj,Let Love In (2011 Remaster),Pop,0.473
-17.308,0.00179,6,0.0558,141.844,0.487,2024-10-27T04:40:48Z,Yuri-G,0.949,1,208226,1993-01-01,0.0538,PJ Harvey,0.55,Universal-Island Records Ltd.,"art pop,singer-songwriter",spotify:track:72W93VrqRaDiyn3FushDXO,false,34,4,rwinj,Rid Of Me,,0.422
-7.215,0.118,4,0.231,139.857,0.755,2024-10-27T04:41:13Z,Pulled Up - 2005 Remaster,0.972,1,271346,1977-09-16,0.0422,Talking Heads,0.687,Rhino/Warner Records,"new wave,post-punk",spotify:track:1n9lGvOA1TKBvwVQ4tpB2o,false,42,4,rwinj,Talking Heads '77 (Deluxe Version),,0.0000136
-5.855,0.04,4,0.136,136.162,0.769,2024-10-27T04:41:46Z,There Is a Light That Never Goes Out - 2011 Remaster,0.876,1,244586,1986-06-16,0.0269,The Smiths,0.523,WM UK,"new wave,madchester,jangle pop",spotify:track:0WQiDwKJclirSYG9v5tayI,false,85,4,rwinj,The Queen Is Dead,,0
-2.279,0.249,8,0.0677,127.998,0.929,2024-10-27T04:42:23Z,Apocalypse Dreams,0.267,1,356946,2012-01-01,0.0503,Tame Impala,0.496,Modular,"neo-psychedelic,indie",spotify:track:7qU7vhCPKhkDiJYGoboISc,false,58,4,rwinj,Lonerism,,0.131
-10.426,0.000107,10,0.0839,146.043,0.528,2024-10-27T04:44:20Z,Mayonaise - 2011 Remaster,0.0882,1,348773,1993-01-01,0.0272,The Smashing Pumpkins,0.482,Virgin Records,"alternative rock,rock",spotify:track:0jmKzJmUEKNbC7eU8YfOiA,false,70,4,rwinj,Siamese Dream (Deluxe Edition),,0.543
-6.817,0.0126,8,0.179,140.07,0.969,2024-10-27T04:46:13Z,D.O.A. - 2015 Remaster,0.199,1,248866,1979-03-23,0.115,Van Halen,0.404,Rhino/Warner Records,"glam metal,classic rock,rock,hard rock",spotify:track:5tLbWNYxXdGRQQmW7LtWjg,false,50,4,rwinj,Van Halen II (Remastered),,0.0000163
-9.017,0.000121,9,0.18,102.46,0.676,2024-10-27T04:47:25Z,Let Down,0.143,1,299560,1997-05-28,0.0313,Radiohead,0.351,XL Recordings,"art rock,alternative rock",spotify:track:2fuYa3Lx06QQJAm0MjztKr,false,89,4,rwinj,OK Computer,,0.113
-13.037,0.000576,3,0.295,98.426,0.596,2024-10-27T04:53:53Z,Christine’s Tune,0.833,1,182733,1969-02-06,0.042,The Flying Burrito Brothers,0.46,A&M,"country rock,alt country,americana,folk rock",spotify:track:0teWfbvQtUY4dnnZu1yT4E,false,39,4,rwinj,The Gilded Palace Of Sin,,0.39
-6.72,0.176,5,0.121,134.752,0.825,2024-10-27T04:54:16Z,Slow Turning,0.898,1,215027,1988-08-30,0.0281,John Hiatt,0.716,A&M,"americana,roots rock,country rock,alt country",spotify:track:2ecF62pLoKSkRimuBCu8ad,false,42,4,rwinj,Slow Turning,,0.00000174
-7.933,0.00269,5,0.834,183.332,0.892,2024-10-27T04:55:10Z,Omegaman,0.34,1,167866,1981-10-02,0.103,The Police,0.286,Polydor Records,Rock/Alternative,spotify:track:3uHuP8x5QwMfElxYVZ9FTk,false,40,4,rwinj,Ghost In The Machine (Remastered 2003),Rock/Alternative,0.000658
-8.746,0.00352,4,0.124,148.617,0.646,2024-10-29T03:33:04Z,Move Me on Down the Line (2005 Remaster),0.602,1,151680,1973-07-26,0.0431,ZZ Top,0.465,BMG Rights Management (US) LLC,"southern rock,classic rock,blues rock,rock",spotify:track:3wgQ2CHoisj6UWUK1EWBEn,false,39,4,rwinj,Tres Hombres (Expanded 2006 Remaster),,0.014
-6.503,0.000492,1,0.0479,163.23,0.888,2024-10-30T17:57:27Z,What Difference Does It Make? - 2011 Remaster,0.393,0,229866,1984-02-20,0.037,The Smiths,0.383,WM UK,"new wave,madchester,jangle pop",spotify:track:3rzYUfyzdZW96cHXnGn1xI,false,67,4,rwinj,The Smiths,,0.000174
-2.72,0.0437,9,0.0664,100.038,0.988,2024-10-30T17:57:27Z,Whole Lotta Love (feat. Chris Cornell),0.24,1,231360,2010-09-20,0.0926,"Santana,Chris Cornell",0.406,Arista,grunge,spotify:track:0u6lRvvxbrAYEdkUFKmHp6,false,55,4,rwinj,Guitar Heaven: The Greatest Guitar Classics Of All Time (Deluxe Version),,0.0637
-5.41,0.0726,0,0.282,170.719,0.635,2024-10-30T17:57:27Z,No New Tale to Tell,0.54,1,204133,1987-09-07,0.0627,Love and Rockets,0.444,Beggars Banquet,"new wave,gothic rock,post-punk,deathrock,darkwave",spotify:track:2HkFBa2tIfhQTjacNPrNNN,false,43,4,rwinj,Earth Sun Moon,,0.00173
-9.89,0.00714,11,0.263,106.022,0.714,2024-10-30T17:57:27Z,Two Worlds Collide,0.451,0,278493,1992-10-05,0.0324,Inspiral Carpets,0.473,"Mute, a BMG Company","madchester,britpop",spotify:track:6aPELjt9ynZqmX40xY4Wtq,false,38,4,rwinj,Revenge of the Goldfish,,0.000146
-9.446,0.0329,3,0.323,131.509,0.782,2024-10-30T17:57:27Z,Streets of Your Town - Remastered,0.737,1,219785,2020-02-28,0.0271,The Go-Betweens,0.631,Beggars Banquet,jangle pop,spotify:track:4ImZYT2EsMgcracYQIQ5vH,false,43,4,rwinj,16 Lovers Lane (Remastered),,0.00208
-8.436,0.0178,7,0.122,116.148,0.892,2024-10-30T17:57:27Z,Nervous Breakthrough,0.784,0,227333,1999-01-01,0.0407,Luscious Jackson,0.728,Capitol Records,Pop/Dance,spotify:track:2rnyHF5bAPIyifUa1TQfo7,false,25,4,rwinj,Electric Honey,Pop/Dance,0.0000209
-6.66,0.833,9,0.159,69.791,0.34,2024-10-30T17:57:27Z,Bankrupt On Selling,0.0749,0,173773,1997-11-18,0.0319,Modest Mouse,0.352,Glacial Pace Recordings,"indie rock,indie,alternative rock",spotify:track:6DTFmTnazxFGo6SdwSICwv,false,46,3,rwinj,The Lonesome Crowded West,,0.0000408
-10.427,0.388,4,0.475,89.182,0.84,2024-11-01T17:48:19Z,I Only Said,0.229,1,334400,1991-11-04,0.0457,my bloody valentine,0.29,Rhino/Warner Records,"shoegaze,dream pop,slowcore,noise rock",spotify:track:0oiGUMBeL8Bn0csxAl4a1W,false,46,4,rwinj,Loveless,,0.848
-4.978,0.00561,9,0.0929,114.568,0.827,2024-11-05T03:34:55Z,Going to Town,0.678,1,196960,1996-03-08,0.0497,The Afghan Whigs,0.577,Elektra Records,grunge,spotify:track:60m7NOkxFVWWCsm0o93NgX,false,23,4,rwinj,Black Love,,0.0183
-7.817,0.0378,4,0.282,126.513,0.741,2024-11-07T00:20:04Z,Bye Bye Love,0.911,1,255160,1978-06-06,0.0298,The Cars,0.626,Elektra Records,"power pop,new wave,classic rock",spotify:track:2bNOq6aol7JZ0JJtLlg3TK,false,56,4,rwinj,The Cars,,0.00243
-10.796,0.0157,7,0.0777,107.346,0.309,2024-11-07T02:54:10Z,Angel,0.0671,1,379533,1998-01-01,0.0291,"Massive Attack,Horace Andy",0.714,Circa,"trip hop,downtempo,roots reggae,dub,reggae,rocksteady,lovers rock,ragga",spotify:track:7uv632EkfwYhXoqf8rhYrg,false,81,4,rwinj,Mezzanine,,0.807
-5.69,0.00372,9,0.302,135.762,0.935,2024-11-13T04:08:11Z,Porch,0.17,1,210520,1991-08-27,0.0698,Pearl Jam,0.326,Epic/Legacy,"grunge,rock,post-grunge",spotify:track:3zNkNyXEeDs2HeAZ0fYqxI,true,59,4,rwinj,Ten,,0.00000755
-10.725,0.0237,4,0.104,134.473,0.806,2024-11-18T20:22:37Z,Cuts You Up,0.804,0,327133,1989-05-01,0.0398,Peter Murphy,0.634,Beggars Banquet,"gothic rock,darkwave,post-punk,deathrock,new wave,synthpop",spotify:track:1rnoM73nG7HsyOqV5X7lPF,false,58,4,rwinj,Deep,,0.00521
-9.341,0.000012,7,0.101,139.485,0.74,2024-11-18T20:53:07Z,She Sells Sanctuary - Long Version,0.302,1,418906,2009-08-18,0.0301,The Cult,0.524,Beggars Banquet,"hard rock,glam metal,gothic rock",spotify:track:46uhVedEJ4501p7m1FzPd5,false,41,4,rwinj,Love (Expanded Edition),,0.865
-6.835,0.0367,8,0.11,81.268,0.898,2024-11-18T21:08:26Z,Pure Morning,0.2,1,254760,1998-10-12,0.0701,Placebo,0.348,Elevator Lady Ltd,britpop,spotify:track:32F0zqsDgqpIEYApk2b8sr,false,65,4,rwinj,Without You I'm Nothing,,0.0000373
-12.521,0.00772,1,0.0891,101.327,0.649,2024-11-18T21:45:58Z,I Still Believe (Great Design),0.643,1,331240,1986-06-11,0.0296,The Call,0.539,Elektra Asylum,new wave,spotify:track:6XpG30QPzV1wkuUhUMw64l,false,36,4,rwinj,Reconciled,,0.0129
-11.49,0.0159,5,0.257,111.902,0.939,2024-11-21T04:42:02Z,I Against I,0.439,1,170693,2019-07-23,0.0598,Bad Brains,0.344,Bad Brains Records,"hardcore punk,punk,hardcore,skate punk,proto-punk",spotify:track:5sNRPeIYoLJU5OSb7lSXPj,false,47,4,rwinj,I Against I,,0.00268
-7.731,0.0507,4,0.658,151.134,0.873,2024-12-03T00:20:14Z,The Refugee - Remastered 2008,0.911,1,220920,1983-02-28,0.054,U2,0.562,Universal-Island Records Ltd.,rock,spotify:track:0ydzLmLxbhYCqkX1NHnM4b,false,38,4,rwinj,War (Remastered),,0.00000743
-5.488,0.112,7,0.557,94.99,0.795,2024-12-20T05:29:58Z,New London boy,0.622,1,292964,2024-04-26,0.0347,Pet Shop Boys,0.615,Parlophone UK,"synthpop,new wave",spotify:track:4cICGoff2F8uTr8JbcGFwt,false,38,4,rwinj,Nonetheless,,0.00193
-5.072,0.0473,7,0.0962,131.698,0.891,2024-12-20T19:42:03Z,You Got Me Searching,0.495,1,218519,2024-11-15,0.0628,Jack White,0.504,Third Man Records/Legacy,blues rock,spotify:track:0MP463h7yiFtZmxQAZKh9r,false,41,4,rwinj,You Got Me Searching,,0.00571
-11.011,0.00432,0,0.114,139.314,0.807,2024-12-20T21:47:13Z,Show Me,0.577,1,248533,1984-01-01,0.0437,Pretenders,0.552,Rhino/Warner Records,Rock/Alternative,spotify:track:2sgN6sd7oBwbLLVAOfiH6n,false,25,4,rwinj,Learning to Crawl (US Release),Rock/Alternative,0.442
-7.685,0.142,11,0.169,154.903,0.81,2024-12-22T05:49:12Z,Unbelievers,0.835,1,202666,2013-05-13,0.0494,Vampire Weekend,0.644,XL Recordings,"indie,baroque pop",spotify:track:51DZ0wUocQ8sQfjnibXVcD,false,61,4,rwinj,Modern Vampires of the City,,0.000624
-7.98,0.352,4,0.105,95.831,0.796,2024-12-29T17:42:10Z,Regulate,0.785,0,250013,1994-03-22,0.148,"Warren G,Nate Dogg",0.758,Death Row Records/gamma.,"g-funk,west coast hip hop,old school hip hop,gangster rap",spotify:track:1mFxMJ2UZGFow4sx75vJ6Z,true,46,4,rwinj,Above The Rim (Original Motion Picture Soundtrack) [Deluxe Edition],,0.0000275
-11.145,0.0635,0,0.0551,133.601,0.615,2025-01-15T18:36:14Z,Mirror Man,0.519,1,230373,1983-01-01,0.0412,The Human League,0.634,Virgin Catalogue,"new wave,synthpop",spotify:track:52s6Ea6aSZMvPUIH0dSpk4,false,53,4,rwinj,Fascination!,,0.000051
-6.073,0.000153,0,0.182,133.879,0.972,2025-01-16T03:24:39Z,Bright Yellow Gun,0.487,1,223800,1995-01-16,0.0564,Throwing Muses,0.45,Woah Dad!,riot grrrl,spotify:track:5ZIDI3l4PZOQ40OfzaKChO,false,31,4,rwinj,University,,0.000696
-7.436,0.086,0,0.114,133.914,0.704,2025-01-16T17:25:00Z,American Music,0.794,1,230573,1991-04-30,0.0453,Violent Femmes,0.541,Craft Recordings,folk punk,spotify:track:21F39lpBdWHu5aRy68V8xj,false,53,4,rwinj,Why Do Birds Sing?,,0.0000332
-5.345,0.028,0,0.176,83.85,0.654,2025-01-21T19:47:12Z,Nothing Lasts Forever,0.399,1,235119,1997-01-01,0.0273,Echo & the Bunnymen,0.432,London Music Stream,"new wave,post-punk,gothic rock,darkwave",spotify:track:4zlRCThoy7Wops9GF11kQX,false,51,4,rwinj,Evergreen (Expanded),,0.0000133
-7.588,0.0145,9,0.251,107.998,0.784,2025-02-17T20:59:46Z,Teutonic Wine,0.962,0,196833,2024-03-15,0.0241,The Dandy Warhols,0.597,Sunset Blvd Records / Beat The World,Instrumental,spotify:track:29sWHJusOGcENWWuFdRdWL,false,27,4,rwinj,ROCKMAKER,Instrumental,0.723
-9.256,0.329,4,0.0879,97.968,0.64,2025-02-23T18:38:31Z,Whipping Post,0.583,0,317438,1969-01-01,0.0339,Allman Brothers Band,0.315,Island Def Jam,"southern rock,jam band,classic rock,blues rock,country rock",spotify:track:701oRFDRzsz3WdhCFOtUJj,false,61,4,rwinj,The Allman Brothers Band (Deluxe),,0.341
-12.157,0.144,4,0.161,140.748,0.773,2025-02-23T18:40:59Z,I'm No Angel,0.856,1,222893,1986-01-01,0.0475,Gregg Allman,0.621,Epic,"southern rock,country rock,blues,blues rock",spotify:track:2Yt2u7vNSCkPUy1awRFSPV,false,53,4,rwinj,I'm No Angel,,0
-4.793,0.00309,11,0.0779,128.126,0.918,2025-02-26T21:13:29Z,It's Tricky,0.941,0,182933,1986-05-15,0.158,Run–D.M.C.,0.965,Arista/Legacy,"old school hip hop,east coast hip hop,hip hop",spotify:track:5IGUkmuTVroDG2PnaUiNFj,false,71,4,rwinj,Raising Hell (Expanded Edition),,0
-7.556,0.303,8,0.13,110.699,0.753,2025-02-27T18:23:31Z,Sing About Me I'm Dying Of Thirst,0.371,0,723573,2012-01-01,0.398,Kendrick Lamar,0.654,Aftermath,"hip hop,west coast hip hop",spotify:track:3q2v8QaTnHLveAQzR6gvYm,true,66,5,rwinj,good kid m.A.A.d city (Deluxe),,0.0000825
-5.587,0.000566,11,0.11,137.949,0.881,2025-02-27T22:17:18Z,A Certain Romance,0.201,1,331200,2006-01-29,0.0401,Arctic Monkeys,0.455,Domino Recording Co,"indie,garage rock",spotify:track:0eDQj41kzBhMKQIkTt6OJR,false,67,4,rwinj,Whatever People Say I Am That's What I'm Not,,0.0000606
-5.479,0.00672,9,0.242,91.718,0.872,2025-03-02T15:43:46Z,Lay It On The Line,0.279,0,246026,2010-05-14,0.0627,Triumph,0.228,Craft Recordings,"aor,glam metal,arena rock,classic rock",spotify:track:29CJGwJt5wyo7Sjje87Cy8,false,60,4,rwinj,Greatest Hits Remixed,,0
-8.01,0.00327,2,0.0986,122.039,0.805,2025-03-02T15:44:20Z,Heart And Soul,0.944,1,253253,1983-01-01,0.0324,Huey Lewis & The News,0.66,Capitol Records (CAP),Pop,spotify:track:3pecdrUzTZjaqrw6iCLTvd,false,62,4,rwinj,Sports,Pop,0.0000143
-11.707,0.136,2,0.116,125.545,0.655,2025-03-03T18:00:37Z,Ride Captain Ride,0.649,1,225560,1970-01-01,0.0414,Blues Image,0.547,Rhino/Elektra,yacht rock,spotify:track:1d9hUvkv64Wmdu671Dydpc,false,56,4,rwinj,Open (US Internet Release),,0.00737
-9.04,0.576,9,0.705,106.734,0.733,2025-03-03T21:20:11Z,One Way Out - Live At The Final Fillmore East Concert 1971,0.725,1,296146,1971-07-01,0.0491,Allman Brothers Band,0.541,Island Def Jam,"southern rock,jam band,classic rock,blues rock,country rock",spotify:track:3q7em8kVHiHpZbKQuVYwFQ,false,54,4,rwinj,At Fillmore East (Deluxe Edition),,0.0321
-11.367,0.072,9,0.225,98.429,0.607,2025-03-17T16:01:22Z,Ramble On - 1990 Remaster,0.886,1,263333,1969-10-22,0.0336,Led Zeppelin,0.468,Rhino Atlantic,"classic rock,rock,hard rock,rock and roll",spotify:track:3MODES4TNtygekLl146Dxd,false,74,4,rwinj,Led Zeppelin II (1994 Remaster),,0.000852
-14.158,0.0912,7,0.0543,154.627,0.424,2025-03-05T20:17:40Z,Lucky Man - 2012 Remaster,0.565,1,277653,1970-10-01,0.0294,Emerson Lake & Palmer,0.341,BMG Rights Management (UK) Ltd.,"progressive rock,art rock",spotify:track:3JQMYznbHf068xIaWI9GRy,false,64,3,rwinj,Emerson Lake & Palmer,,0.0419
-14.734,0.0627,4,0.104,128.411,0.479,2025-04-04T02:03:57Z,Who Can It Be Now?,0.962,1,201293,1981-11-09,0.0436,Men At Work,0.805,Columbia,Pop,spotify:track:5rfJ2Bq2PEL8yBjZLzouEu,false,78,4,rwinj,Business As Usual,Pop,0.000143
-4.415,0.104,10,0.323,99.608,0.888,2025-03-24T17:33:21Z,Mistadobalina,0.661,0,253626,1991-10-15,0.16,Del The Funky Homosapien,0.798,Elektra Records,Pop/Dance,spotify:track:2ECYtCiyC3zLvFTybWv75p,false,55,4,rwinj,I Wish My Brother George Was Here,Pop/Dance,0.00000947
-5.738,0.134,0,0.126,147.623,0.827,2025-04-04T02:10:48Z,Shake It Up - 2017 Remaster,0.854,1,211960,1981-01-01,0.0321,The Cars,0.686,Rhino/Elektra,"power pop,new wave,classic rock",spotify:track:3ZBzJbqwV2gQUAe4ofghOo,false,56,4,rwinj,Shake It Up (Expanded Edition),,0.0000503
-4.586,0.0881,5,0.259,128.604,0.861,2025-04-05T00:10:16Z,Conversation Lags,0.682,1,185906,2005-01-01,0.0307,Wussy,0.524,Shake It Records,Pop,spotify:track:40YlM6odn8ArlIOzZOKl2F,false,9,4,rwinj,Funeral Dress,Pop,0.0000726
-7.019,0.00159,9,0.1,137.232,0.943,2025-04-05T01:52:06Z,The First Part,0.5,1,287000,1994-04-18,0.0474,Superchunk,0.266,Merge Records,"power pop,indie rock,alternative rock",spotify:track:1BrGaRE0CRUooBquwCCpfa,false,34,4,rwinj,Foolish,,0.194
-4.192,0.000592,2,0.177,148.993,0.956,2025-04-05T01:53:58Z,Bruised Lung,0.378,1,264493,2025-03-25,0.0556,"Superchunk,Rosali",0.367,Merge Records,"power pop,indie rock,alternative rock",spotify:track:7nimuQXMMblgsc2o1Ddcw3,false,31,4,rwinj,Bruised Lung,,0.000103
-9.912,0.00619,2,0.123,106.176,0.616,2025-04-05T02:17:45Z,Can't Believe It's Me,0.636,1,235953,2024-09-20,0.0284,Galaxie 500,0.392,20/20/20,"slowcore,dream pop,shoegaze,jangle pop",spotify:track:2bfqn7MKDOfnC32PPx8VCP,false,22,4,rwinj,Uncollected Noise New York '88-'90,,0.734
-8.507,0.0691,3,0.0878,148.648,0.834,2025-04-13T16:03:57Z,Waiting for an Alibi,0.572,1,209426,1979-01-01,0.0861,Thin Lizzy,0.365,Rhino/Warner Records,"classic rock,hard rock",spotify:track:2QKmX3eS0AE5DTLhHT8F4I,false,33,4,rwinj,Black Rose: A Rock Legend,,0.00224
-13.954,0.587,0,0.0869,123.213,0.406,2025-04-22T13:25:50Z,How Long,0.703,0,204226,1974-01-01,0.0305,Ace,0.717,Cavalcade Records Ltd,"yacht rock,soft rock",spotify:track:6Wgst4P9SOnc6WGLtfTb1z,false,68,4,rwinj,Five-A-Side,,0.103
-14.087,0.695,6,0.0953,152.822,0.392,2025-04-30T04:32:14Z,The Motorcycle Song,0.602,1,170933,1967-08-28,0.0384,Arlo Guthrie,0.428,Warner Records,"folk,singer-songwriter,folk rock",spotify:track:4RqUEAv0YXitpXVDbf6nD7,false,39,4,rwinj,Alice's Restaurant,,0.000146
-7.622,0.00424,8,0.33,139.764,0.863,2025-04-30T20:39:53Z,House We Used to Live In,0.675,1,244173,2019-10-25,0.0326,The Smithereens,0.451,The Smithereens Record Label,"power pop,jangle pop,new wave",spotify:track:6zgQ1tGvESL1hxPLnUdY82,false,29,4,rwinj,Greatest Hits... Revisited,,0.000142
-9.498,0.0425,11,0.168,138.874,0.966,2025-05-01T03:50:51Z,Garbageman,0.389,0,217026,1980-01-01,0.0634,The Cramps,0.56,EMI Records,"psychobilly,horror punk,rockabilly,deathrock,punk,proto-punk,gothic rock",spotify:track:6qYq6JxCTwtd3jAonVrdkF,false,44,4,rwinj,Songs The Lord Taught Us,,0.0967
-7.682,0.00905,4,0.0741,145.602,0.854,2025-05-01T23:47:46Z,Ripeness - Alternative Version,0.654,0,282360,1983-02-04,0.0519,Echo & the Bunnymen,0.331,Rhino/Warner Records,"new wave,post-punk,gothic rock,darkwave",spotify:track:4fhGlJhz17kmYCWqM3rKWz,false,14,4,rwinj,Porcupine (Expanded; 2004 Remaster),,0.808
-5.723,0.112,6,0.0375,135.155,0.851,2025-05-06T22:36:19Z,I Started Something I Couldn't Finish - 2011 Remaster,0.703,0,227533,1987-09-28,0.0336,The Smiths,0.581,WM UK,"new wave,madchester,jangle pop",spotify:track:3PVVqlxFpXmU46iqAVG4Jg,false,57,4,rwinj,Strangeways Here We Come,,0.00539
-7.994,0.0169,3,0.17,133.883,0.888,2025-05-10T00:59:09Z,Bargain,0.336,1,333586,1971-08-14,0.054,The Who,0.452,Polydor Records,"classic rock,rock",spotify:track:4Vtl42qX97JBj68TKifBHR,false,52,4,rwinj,Who's Next (Deluxe Edition),,0.00341
-6.347,0.000135,5,0.108,83.185,0.825,2025-05-14T19:13:38Z,Head Down,0.565,0,369773,1994-03-09,0.0346,Soundgarden,0.413,A&M,"grunge,post-grunge,hard rock",spotify:track:4nuSRdNGKLfbwXDaqexTd2,false,50,4,rwinj,Superunknown (20th Anniversary),,0.252
-3.161,0.0319,2,0.725,139.703,0.986,2025-05-14T19:17:37Z,Same Ol' Situation (S.O.S.),0.245,1,252906,1989-01-01,0.131,Mötley Crüe,0.495,Mötley Records,"glam metal,hard rock,glam rock",spotify:track:0FqMZmwe9qJ3nR5FuYpyoY,false,1,4,rwinj,Dr. Feelgood,,0.0000183
-4.243,0.213,0,0.0983,116.543,0.806,2025-05-16T16:14:37Z,Don't Do Me Like That,0.962,1,161786,1979-10-19,0.0279,Tom Petty and the Heartbreakers,0.758,Geffen,classic rock,spotify:track:5AzpZ5ADn1AFPxcEBd2Ugf,false,67,4,rwinj,Damn The Torpedoes (Deluxe Edition),,0.0000152
-16.867,0.00912,11,0.0364,117.708,0.381,2025-05-16T16:26:17Z,Fresh,0.95,0,266560,1984-11-15,0.0351,Kool & The Gang,0.838,Mercury Records,"disco,funk",spotify:track:1mMYaXpT65iZDtvfRA9EkE,false,72,4,rwinj,Emergency (Reissue),,0.0988
-5.387,0.00146,11,0.351,158.862,0.961,2025-05-17T01:13:12Z,Rearviewmirror - Remastered,0.437,0,283466,1993-10-19,0.0656,Pearl Jam,0.374,Epic/Legacy,"grunge,rock,post-grunge",spotify:track:5XtyytAig4m3HkO2XXaL9l,true,62,4,rwinj,Vs.,,0.00036
-10.385,0.0603,7,0.0757,110.061,0.606,2025-05-23T01:52:19Z,One of These Nights - 2013 Remaster,0.765,1,291685,1975-06-10,0.0285,Eagles,0.655,Rhino/Elektra,"classic rock,yacht rock,soft rock",spotify:track:608xszaAxVh4m7NcKJiAbF,false,79,4,rwinj,One of These Nights (2013 Remaster),,0.0789
-7.77,0.0613,0,0.29,109.919,0.59,2025-05-23T03:37:07Z,Lonesome Loser - Remastered 2022,0.434,1,241374,1979-07-01,0.0248,Little River Band,0.453,CAPITOL CATALOG MKT (C92),"yacht rock,soft rock",spotify:track:0EOTFIX60ua9qt8pel84tA,false,67,4,rwinj,First Under The Wire (Remastered 2022),,0
-13.52,0.013,7,0.05,124.748,0.543,2025-05-25T15:16:39Z,Back Where You Belong,0.909,1,269693,1984-01-01,0.0325,38 Special,0.505,A&M,"southern rock,classic rock,aor",spotify:track:5V9bsImhPlSOThirjfLLU1,false,52,4,rwinj,Tour De Force,,0.0000507
-8.995,0.0000128,10,0.0485,157.818,0.862,2025-05-27T03:37:21Z,Body Electric,0.773,1,258612,1984-01-01,0.0425,Sisters of Mercy,0.494,WM UK,"gothic rock,darkwave,post-punk,deathrock,cold wave,new wave,gothic metal",spotify:track:7Lv0xaP62AvXC6U2KOY7kz,false,20,4,rwinj,Body and Soul - EP,,0.831
-7.248,0.00256,0,0.0787,113.364,0.728,2025-05-27T04:07:36Z,Thieves like Us - 2020 Digital Master,0.838,1,398573,1984-04-01,0.0282,New Order,0.647,WM UK,"new wave,synthpop,post-punk,madchester",spotify:track:7HeepmHMM5uUx8m0OkjNbd,false,32,4,rwinj,Thieves Like Us,,0.00177
-13.286,0.978,7,0.117,98.536,0.262,2025-05-28T03:11:17Z,The Book of Love,0.332,1,162413,1999-09-14,0.0263,The Magnetic Fields,0.485,Merge Records,anti-folk,spotify:track:62ZYyXIsHVX5xVUj80arVu,false,60,4,rwinj,69 Love Songs,,0.0000599
-5.882,0.86,7,0.322,94.928,0.559,2025-05-28T03:11:41Z,Washington D.C.,0.861,1,113173,1999-09-14,0.136,The Magnetic Fields,0.486,Merge Records,anti-folk,spotify:track:22reYeFPVc6i15XGmbUs7i,false,32,4,rwinj,69 Love Songs,,0.00000101
-9.158,0.012,4,0.228,112.596,0.862,2025-05-29T21:30:12Z,I Wanna Be Adored - Remastered 2009,0.59,0,292800,1989-05-02,0.0273,The Stone Roses,0.494,Sony Music UK,"madchester,britpop",spotify:track:758wEKVqfYopJIHYWdLVd4,false,72,4,rwinj,The Stone Roses,,0.213
-4.881,0.0359,0,0.373,170.889,0.588,2025-06-01T14:27:09Z,No One Knows,0.637,1,278706,2002-01-01,0.0641,Queens of the Stone Age,0.507,Interscope,"stoner rock,alternative rock",spotify:track:6NvRxjfYkkT2SpirAlmsjH,false,71,4,rwinj,Songs For The Deaf,,0.000129
-5.401,0.0642,0,0.017,161.529,0.867,2025-06-01T14:28:35Z,Natural's Not In It,0.859,1,186493,1979-09-25,0.243,Gang Of Four,0.765,Matador,"post-punk,new wave,proto-punk,funk rock,punk",spotify:track:42wVwmI5Vt9H5hwcXHg59E,false,45,4,rwinj,Entertainment!,,0.011
-16.729,0.683,0,0.0934,104.522,0.318,2025-06-01T14:29:25Z,Walk On the Wild Side,0.385,1,254173,1972-12-01,0.109,Lou Reed,0.575,RCA/Legacy,"glam rock,proto-punk",spotify:track:5p3JunprHCxClJjOmcLV8G,false,75,4,rwinj,Transformer,,0.000202
-13.873,0.308,2,0.0882,123.35,0.412,2025-06-01T14:30:11Z,Dirty Blvd.,0.849,1,209266,1989-01-10,0.0659,Lou Reed,0.711,Warner Records,"glam rock,proto-punk",spotify:track:4TDLfAmx45EpSiQYG6hCzT,false,53,4,rwinj,New York,,0.00126
-8.657,0.0224,6,0.147,117.514,0.69,2025-06-01T14:32:45Z,Swingin Party - 2008 Remaster,0.682,0,233573,1985-01-01,0.0454,The Replacements,0.647,Rhino/Warner Records,"power pop,jangle pop",spotify:track:14g6foD6sxO1qgkDKuPgWv,false,59,4,rwinj,Tim (Expanded),,0
-8.896,0.316,0,0.0707,96.889,0.537,2025-06-01T14:36:11Z,Blister In The Sun,0.882,1,145706,1983-01-01,0.114,Violent Femmes,0.726,Craft Recordings,folk punk,spotify:track:7jIAttgQTpLDoNtykIQXjH,false,73,4,rwinj,Violent Femmes,,0
-8.905,0.0384,0,0.0473,134.114,0.748,2025-06-01T14:36:21Z,Roxanne,0.663,1,191946,1978-11-02,0.358,The Police,0.618,Polydor Records,Rock/Alternative,spotify:track:3EYOJ48Et32uATr9ZmLnAo,false,82,4,rwinj,Outlandos D'Amour (Remastered 2003),Rock/Alternative,0.0000041
-6.072,0.0477,2,0.0305,124.653,0.73,2025-06-01T14:36:54Z,Love Is The Drug,0.596,1,248645,2004-01-01,0.0809,Roxy Music,0.839,EMI Gold,"glam rock,art rock",spotify:track:34Rt8Ti2OAsA8s39rLgyML,false,45,4,rwinj,Roxy Music Collection,,0.00792
-13.071,0.00072,2,0.121,139.865,0.516,2025-06-01T14:37:40Z,Space Age Love Song,0.621,1,227866,1982-04-30,0.0295,A Flock Of Seagulls,0.493,Jive,"new wave,synthpop",spotify:track:0xzn2U71zNWLeJbE4Zat4C,false,55,4,rwinj,A Flock Of Seagulls,,0.229
-3.528,0.0911,11,0.0481,129.885,0.899,2025-06-01T14:37:58Z,Personal Jesus - Single Version,0.793,1,224933,1998-09-28,0.0434,Depeche Mode,0.673,Venusnote Ltd.,"new wave,synthpop,darkwave",spotify:track:4UCTgh5jvtqoaMX6MAhUNn,false,74,4,rwinj,The Singles 86-98,,0.0172
-7.314,0.000304,8,0.24,155.181,0.908,2025-06-01T14:38:32Z,I Will Follow,0.613,1,215840,1998-11-02,0.0712,U2,0.365,UMC (Universal Music Catalogue),rock,spotify:track:40lKv5fLpzPHV1YQ7nrfMg,false,50,4,rwinj,The Best Of 1980 - 1990,,0.0000433
-5.559,0.00101,2,0.13,161.964,0.91,2025-06-01T14:39:42Z,Age of Consent - 2015 Remaster,0.756,1,315333,1983-05-02,0.0392,New Order,0.372,Rhino,"new wave,synthpop,post-punk,madchester",spotify:track:2EEinN4Zk8MUv4OQuLsTBj,false,68,4,rwinj,Power Corruption and Lies,,0.0944
-10.379,0.161,7,0.0295,171.844,0.644,2025-06-01T14:42:04Z,Mirror in the Bathroom - 2012 Remaster,0.948,1,188586,1980-05-23,0.0413,The English Beat,0.636,Rhino,"ska,new wave",spotify:track:3XggELqP0NoiOxhMDhSWBp,false,55,4,rwinj,I Just Can’t Stop It (2012 Remaster),,0.0353
-10.616,0.29,5,0.124,134.546,0.584,2025-06-01T14:43:04Z,Smalltown Boy,0.94,0,302413,1984-10-15,0.0276,Bronski Beat,0.685,London Records (Because Ltd),"synthpop,hi-nrg",spotify:track:5vmRQ3zELMLUQPo2FLQ76x,false,81,4,rwinj,The Age of Consent,,0.01
-13.372,0.187,9,0.312,113.668,0.601,2025-06-01T14:44:18Z,Everything Counts,0.704,0,261053,1983-08-22,0.0273,Depeche Mode,0.628,Venusnote Ltd.,"new wave,synthpop,darkwave",spotify:track:1mb5bblw96UieIjCPlWyEw,false,40,4,rwinj,Construction Time Again,,0
-7.086,0.00147,10,0.0887,168.672,0.977,2025-06-01T14:58:57Z,Vasoline - 2019 Remaster,0.353,1,176546,1994-06-07,0.088,Stone Temple Pilots,0.295,Rhino Atlantic,"grunge,alternative rock,post-grunge,rock",spotify:track:4fjsOdrWMaKf70x21h5XbX,false,69,4,rwinj,Purple (2019 Remaster),,0.000187
-5.974,0.00031,9,0.126,146.455,0.986,2025-06-04T00:35:03Z,Unglued,0.347,1,154026,2020-12-11,0.0632,Stone Temple Pilots,0.424,Warner Music Group - X5 Music Group,"grunge,alternative rock,post-grunge,rock",spotify:track:6tQZF97hLLRmh7nYXnu1Df,false,7,4,rwinj,Raw and Rocking,,0.0158
-2.333,0.00794,0,0.0787,86.995,0.821,2025-06-04T00:37:23Z,Sweet Disaster,0.425,1,205173,2016-08-26,0.0309,DREAMERS,0.515,Fairfax Recordings,Pop,spotify:track:7bEDDsy2LFC0KSqhZp5nPE,false,55,4,rwinj,This Album Does Not Exist,Pop,0
-5.909,0.0103,0,0.362,97.907,0.843,2025-06-04T01:08:40Z,The Way You Used To Do,0.433,1,274281,2017-08-25,0.288,Queens of the Stone Age,0.482,Matador,"stoner rock,alternative rock",spotify:track:52LL3IFB8N3PaJmoZ8Xii1,false,64,4,rwinj,Villains,,0.103
-4.004,0.00136,8,0.11,116.794,0.78,2025-06-04T01:09:27Z,I Sat by the Ocean,0.899,0,235586,2013-06-03,0.0364,Queens of the Stone Age,0.516,Matador,"stoner rock,alternative rock",spotify:track:1D3YGmST01Ba0WRiT7THPG,false,68,4,rwinj,...Like Clockwork,,0.000715
-4.788,0.0756,1,0.719,110.754,0.791,2025-06-04T01:12:39Z,The Lost Art Of Keeping A Secret,0.418,1,216000,2000-06-06,0.0353,Queens of the Stone Age,0.544,Interscope,"stoner rock,alternative rock",spotify:track:1RwDsaft1szD0FO3DVEtaT,false,60,4,rwinj,Rated R,,0.00951
-4.316,0.000531,11,0.361,160.892,0.855,2025-06-04T01:14:52Z,My God Is the Sun,0.257,0,235400,2013-06-03,0.0624,Queens of the Stone Age,0.187,Matador,"stoner rock,alternative rock",spotify:track:0MHHAIjPAd3OSfBS3H0fPg,false,60,3,rwinj,...Like Clockwork,,0.0204
-7.336,0.00000139,9,0.0418,134.252,0.925,2025-06-04T01:17:29Z,Sex Type Thing - 2017 Remaster,0.773,1,217813,1992-09-29,0.041,Stone Temple Pilots,0.406,Rhino Atlantic,"grunge,alternative rock,post-grunge,rock",spotify:track:6skC0VsaOZE1kG4CwXI2Zj,false,67,4,rwinj,Core (Super Deluxe Edition),,0.624
-8.928,0.00534,10,0.177,183.031,0.803,2025-06-04T01:18:19Z,Burden In My Hand,0.589,1,290106,1996-05-21,0.0394,Soundgarden,0.319,A&M,"grunge,post-grunge,hard rock",spotify:track:1iArQTuOzxvrtniGmkyy92,false,67,4,rwinj,Down On The Upside,,0.0126
-6.619,0.0769,0,0.239,207.575,0.663,2025-06-04T01:18:52Z,Sour Girl,0.737,1,256253,1999-01-01,0.0295,Stone Temple Pilots,0.394,Atlantic Records,"grunge,alternative rock,post-grunge,rock",spotify:track:6wNwHBUjsessjRioNVFbaO,false,61,4,rwinj,No. 4,,0.00644
-3.845,0.00000736,7,0.0268,189.664,0.961,2025-06-04T01:20:39Z,New Fang,0.752,1,228639,2009-11-17,0.0607,Them Crooked Vultures,0.278,Them Crooked Vultures,stoner rock,spotify:track:7uJLdyIAaYLGT0oLw7I6b3,false,57,4,rwinj,Them Crooked Vultures,,0.000662
-3.354,0.00338,6,0.72,151.496,0.963,2025-06-04T01:24:09Z,Dead End Friends,0.55,1,195531,2009-11-17,0.106,Them Crooked Vultures,0.343,Them Crooked Vultures,stoner rock,spotify:track:5ByJlcDmUzK69tpub789AB,false,56,4,rwinj,Them Crooked Vultures,,0.0136
-3.97,0.222,11,0.216,146.469,0.911,2025-06-04T01:25:28Z,Molly's Chambers,0.953,1,134906,2003-08-19,0.0515,Kings of Leon,0.598,RCA/Legacy,Rock/Alternative,spotify:track:0nCAVzknkzRXRgB6LhRv04,false,63,4,rwinj,Youth And Young Manhood,Rock/Alternative,0.00000384
-4.86,0.000861,2,0.128,152.644,0.85,2025-06-04T01:26:02Z,Waste A Moment,0.537,1,183093,2016-10-14,0.0617,Kings of Leon,0.436,RCA Records Label,Instrumental,spotify:track:5LlsD7LdSMkGV4Iu0a2Zq0,false,75,4,rwinj,WALLS,Instrumental,0.74
-2.42,0.0238,11,0.116,120.522,0.908,2025-06-04T01:28:21Z,You Only Live Once,0.968,1,189226,2006-01-03,0.0326,The Strokes,0.63,RCA Records Label,"garage rock,indie rock,alternative rock",spotify:track:4fPBB44eDH71YohayI4eKV,false,74,4,rwinj,First Impressions Of Earth,,0.592
-9.657,0.585,7,0.0892,124.97,0.464,2025-06-04T01:30:01Z,Chicago,0.446,1,364613,2005-07-05,0.0304,Sufjan Stevens,0.582,Asthmatic Kitty,baroque pop,spotify:track:1yupbrI7ROhigIHpQBevPh,false,63,4,rwinj,Illinois,,0
-5.02,0.000292,9,0.348,176.977,0.973,2025-06-04T01:43:50Z,Boys in the Better Land,0.6,1,300115,2019-04-12,0.0733,Fontaines D.C.,0.392,Partisan Records,post-punk,spotify:track:7cucVWdmNeaPJuo7WkxaZ8,false,66,4,rwinj,Dogrel,,0.0000235
-9.897,0.0163,3,0.0513,126.879,0.787,2025-06-04T14:41:06Z,1979 - Remastered 2012,0.964,1,266200,1995-01-01,0.0331,The Smashing Pumpkins,0.767,Virgin Records,"alternative rock,rock",spotify:track:5QLHGv0DfpeXLNFo7SFEy1,false,82,4,rwinj,Mellon Collie And The Infinite Sadness (Deluxe Edition),,0.583
-6.99,0.000025,8,0.0864,127.002,0.879,2025-06-04T14:47:15Z,CYR,0.505,1,243160,2020-11-27,0.0278,The Smashing Pumpkins,0.671,Sumerian Records,"alternative rock,rock",spotify:track:6G2NyhPJeIzgImNvq5WicQ,false,43,4,rwinj,CYR,,0.0262
-7.426,0.00000591,9,0.196,87.309,0.867,2025-06-04T14:50:07Z,Cherub Rock - 2011 Remaster,0.453,1,298253,1993-01-01,0.0399,The Smashing Pumpkins,0.382,Virgin Records,"alternative rock,rock",spotify:track:3ow0TQVttXQF8rLckmXgRx,false,68,4,rwinj,Siamese Dream (Deluxe Edition),,0.581
-4.966,0.0571,2,0.0691,103.983,0.7,2025-06-06T20:28:19Z,The Ghost Inside,0.983,1,198040,2010-03-01,0.0419,"Broken Bells,Danger Mouse,James Mercer",0.869,Columbia,Pop/Dance,spotify:track:32fmQsWSAaDas2MJRyMSGG,false,60,4,rwinj,Broken Bells,Pop/Dance,0.414
-9.058,0.0276,7,0.328,169.512,0.654,2025-06-06T20:48:54Z,Mary Jane's Last Dance,0.53,0,273600,2008-05-20,0.0608,Tom Petty and the Heartbreakers,0.464,Geffen,classic rock,spotify:track:3dmqIB2Qxe2XZobw9gXxJ6,false,81,4,rwinj,Greatest Hits,,0.00000134
-7.036,0.0925,9,0.24,136.85,0.917,2025-06-06T21:05:42Z,One Big Holiday,0.313,0,321373,2003-09-09,0.0525,My Morning Jacket,0.412,ATO Records,"jam band,alt country",spotify:track:5boh3WTOJ1aOF6uUEF4HPh,false,52,4,rwinj,It Still Moves,,0.0143
-5.472,0.0944,0,0.173,119.522,0.781,2025-06-06T21:39:32Z,Nearly Forgot My Broken Heart,0.657,1,234426,2015-09-18,0.0285,Chris Cornell,0.593,A&M,grunge,spotify:track:7MjRtWS2teufvOiMM0BARZ,false,62,4,rwinj,Higher Truth,,0.00000223
-4.13,0.00299,1,0.0607,132.963,0.777,2025-06-06T23:15:38Z,The Two Of Us,0.492,1,252386,2017-03-24,0.0438,The Jesus and Mary Chain,0.534,Artificial Plastic Records,"shoegaze,post-punk,dream pop,noise rock,new wave",spotify:track:0qHP5SiBI218BhMwpYUUmo,false,0,4,rwinj,Damage and Joy,,0.00214
-4.736,0.00689,8,0.321,130.021,0.862,2025-06-06T23:35:18Z,We Dem Boyz,0.52,1,224933,2014-08-19,0.054,Wiz Khalifa,0.717,Rostrum/Atlantic,rap,spotify:track:1ULa3GfdMKs0MfRpm6xVlu,true,68,4,rwinj,Blacc Hollywood (Deluxe),,0
-7.778,0.0068,9,0.945,151.925,0.972,2025-06-06T23:55:23Z,The Headmaster Ritual (Live),0.631,1,284826,2015-10-09,0.0492,Johnny Marr,0.397,BMG Rights Management (UK) Limited,Rock/Alternative,spotify:track:2FlK6xytfBkPfTJ62MKbIN,false,0,4,rwinj,Adrenalin Baby - Johnny Marr Live,Rock/Alternative,0.00493
-10.108,0.315,0,0.103,151.505,0.524,2025-06-07T20:19:17Z,Wind Of Change,0.246,1,312360,1990-01-01,0.0351,Scorpions,0.452,Island Mercury,"hard rock,glam metal,rock",spotify:track:3ovjw5HZZv43SxTwApooCM,false,84,4,rwinj,Crazy World,,0
-3.622,0.00125,7,0.284,178.98,0.981,2025-06-09T01:09:29Z,Kickstart My Heart,0.271,0,282653,1989-01-01,0.303,Mötley Crüe,0.359,Mötley Records,"glam metal,hard rock,glam rock",spotify:track:7GonnnalI2s19OCQO1J7Tf,false,11,4,rwinj,Dr. Feelgood,,0.00236
-3.401,0.0419,1,0.329,129.171,0.969,2025-06-09T13:49:48Z,Nothin' But A Good Time,0.51,1,223406,1988-05-03,0.109,Poison,0.467,CAPITOL CATALOG MKT (C92),"glam metal,glam rock",spotify:track:6G09JrmKdDAe29eSH8ZQmR,false,58,4,rwinj,Open Up And Say . . . Ahh!,,0
-3.67,0.00853,11,0.371,158.06,0.957,2025-06-09T13:51:24Z,Talk Dirty To Me,0.635,1,223733,1986-01-01,0.0959,Poison,0.492,Capitol Records,"glam metal,glam rock",spotify:track:08QP0rwnQSbbpGRIuXfrAY,false,64,4,rwinj,Look What The Cat Dragged In - 20th Anniversary Edition,,0.000879
-5.745,0.00152,4,0.141,101.069,0.739,2025-06-09T20:19:39Z,Fell On Black Days,0.514,0,283026,1994-03-09,0.0271,Soundgarden,0.574,Geffen,"grunge,post-grunge,hard rock",spotify:track:1wlKw9NAWVWpx7OIAyg9EA,false,74,3,rwinj,Superunknown (Deluxe Edition),,0.000328
-3.821,0.0000456,9,0.175,167.61,0.991,2025-06-09T20:22:11Z,Dirty Little Thing,0.288,1,236600,2004-01-01,0.106,Velvet Revolver,0.267,RCA Records Label,grunge,spotify:track:2NJ5fMRTfFZofOaTccEN9k,false,52,4,rwinj,Contraband,,0.0664
-9.496,0.00674,4,0.0925,135.425,0.699,2025-06-09T20:50:58Z,Wild Flower,0.837,1,217466,1987-04-06,0.0618,The Cult,0.532,Beggars Banquet,"hard rock,glam metal,gothic rock",spotify:track:75tCX7RI0eqD99yHMS8h4w,false,56,4,rwinj,Electric,,0.000269
-7.97,0.0000179,0,0.222,150.893,0.925,2025-06-10T14:31:31Z,Pretty Noose,0.317,1,251866,1996-05-21,0.0643,Soundgarden,0.389,A&M,"grunge,post-grunge,hard rock",spotify:track:6ZzeXWwDvMzrgCWt9RwBj1,false,61,4,rwinj,Down On The Upside,,0.244
-8.7,0.08,9,0.361,88.256,0.56,2025-06-11T14:46:36Z,The Ocean - Remaster,0.735,1,271397,1973-03-28,0.0612,Led Zeppelin,0.401,Atlantic Records,"classic rock,rock,hard rock,rock and roll",spotify:track:0AqjkVFqa1ujle4Lb1k9wR,false,63,4,rwinj,Houses of the Holy (Remaster),,0.0121
-3.908,0.000278,7,0.132,127.066,0.934,2025-06-12T00:54:49Z,Chop Suey!,0.287,0,210240,2001-09-04,0.119,System Of A Down,0.417,American/Columbia,"nu metal,metal,alternative metal,rap metal,rock",spotify:track:2DlHlPMa4M17kufBvI2lEN,false,89,4,rwinj,Toxicity,,0.0015
-4.151,0.000264,8,0.204,116.68,0.873,2025-06-12T00:55:14Z,Toxicity,0.48,1,218933,2001-09-04,0.0536,System Of A Down,0.413,American/Columbia,"nu metal,metal,alternative metal,rap metal,rock",spotify:track:0snQkGI5qnAmohLE7jTsTn,false,88,3,rwinj,Toxicity,,0.00249
-10.805,0.257,5,0.565,80.417,0.614,2025-06-13T14:41:42Z,Close to the Edge (I. The Solid Time of Change II. Total Mass Retain III. I Get up I Get Down IV. Seasons of Man),0.253,1,1118773,1972-09-13,0.0563,Yes,0.223,Rhino Atlantic,"progressive rock,art rock,aor",spotify:track:1oJ2a13bVN1RssKIWxKLe2,false,41,3,rwinj,Close to the Edge,,0.155
-13.542,0.0302,6,0.266,166.663,0.604,2025-06-13T14:52:10Z,Sabbra Cadabra - 2013 Remaster,0.778,1,357084,1973-12-01,0.048,Black Sabbath,0.278,Rhino/Warner Records,"metal,heavy metal,rock,stoner rock,doom metal,hard rock,classic rock",spotify:track:4zLMM82wGnGS0VIy3pq2yU,false,50,4,rwinj,Sabbath Bloody Sabbath (2014 Remaster),,0.192
-10.022,0.0974,2,0.045,199.738,0.729,2025-06-17T02:37:10Z,Bad Penny,0.689,0,245377,1979-09-16,0.0646,Rory Gallagher,0.252,UMC (Universal Music Catalogue),"blues rock,blues,modern blues,classic blues",spotify:track:3DmHaJ9zYKj5Snos05lkVF,false,59,4,rwinj,Top Priority (Remastered 2017),,0.00881
-7.657,0.00104,2,0.317,119.826,0.856,2025-06-17T02:44:22Z,Used To Be - 50th Anniversary Edition,0.422,1,307960,2022-09-30,0.0931,Rory Gallagher,0.462,UMC (Universal Music Catalogue),"blues rock,blues,modern blues,classic blues",spotify:track:3mG9OUXsLCfHr6F0ZlcNy0,false,16,4,rwinj,Deuce (50th Anniversary),,0.00000942
-10.489,0.0291,11,0.0894,102.304,0.611,2025-06-18T02:04:08Z,Insane in the Brain,0.769,1,208266,1993-07-20,0.211,Cypress Hill,0.897,Columbia,"west coast hip hop,old school hip hop,rap rock,hip hop",spotify:track:1oTHteQbmJw15rPxPVXUTv,true,76,4,rwinj,Black Sunday,,0.186
-4.718,0.00959,0,0.118,104.923,0.886,2025-06-18T21:02:33Z,Halfway There,0.198,1,196146,2012-11-13,0.0302,Soundgarden,0.596,UMC (Universal Music Catalogue),"grunge,post-grunge,hard rock",spotify:track:1a8nzW9wIbqtkRvnEmUyHQ,false,40,4,rwinj,King Animal (Deluxe Version),,0.0000751
-7.75,0.0000553,10,0.361,131.182,0.857,2025-06-18T21:12:20Z,Birth Ritual,0.437,1,365586,2010-09-28,0.0751,Soundgarden,0.534,Geffen,"grunge,post-grunge,hard rock",spotify:track:0NI4NnOb5B20mYTJqqJlb6,false,43,1,rwinj,Telephantasm,,0.000488
-7.263,0.0114,9,0.179,149.124,0.793,2025-06-21T20:21:27Z,Entering - Remastered,0.342,1,273800,2013-11-25,0.0947,Soundgarden,0.277,Sub Pop Records,"grunge,post-grunge,hard rock",spotify:track:0mRqUWxhx4UNztSp6LzS20,false,35,4,rwinj,Screaming Life/Fopp,,0.949
-11.481,0.423,4,0.76,127.44,0.869,2025-06-24T15:16:16Z,Swallow My Pride,0.193,1,179800,1990-09-13,0.0934,Green River,0.349,Sub Pop Records,"grunge,post-grunge",spotify:track:1LvJ1PFobtIm5DwzRrK0jG,false,43,4,rwinj,Dry as a Bone/Rehab Doll,,0
-5.849,0.342,4,0.0841,114.867,0.803,2025-06-24T15:17:08Z,Urgent,0.962,0,271200,1981-01-01,0.0316,Foreigner,0.855,Rhino Atlantic,"aor,classic rock",spotify:track:08onVqQ8YicJ98Ycm1qoLf,false,73,4,rwinj,4 (Expanded),,0.00732
-9.19,0.00453,7,0.0781,197.208,0.908,2025-06-25T23:46:56Z,Synchronicity I - Remastered 2003,0.443,1,203000,1983-06-01,0.0519,The Police,0.435,A&M,Rock/Alternative,spotify:track:6rz8k4FrzNs33CUUxPqiW7,false,0,3,rwinj,Synchronicity,Rock/Alternative,0.0268
-5.998,0.00123,7,0.108,132.59,0.881,2025-06-25T23:48:09Z,One Hundred Years - 2005 Remaster,0.262,1,401000,1982-05-03,0.0439,The Cure,0.436,Rhino/Elektra,"new wave,post-punk,gothic rock,darkwave",spotify:track:6o8bpkuFMRS2b25Vui9aDC,false,47,4,rwinj,Pornography,,0.509
-9.283,0.0472,11,0.0876,133.28,0.856,2025-06-25T23:49:01Z,Subdivisions,0.489,0,334853,1982-09-09,0.0358,Rush,0.513,Anthem Records Inc.,"progressive rock,classic rock,rock,hard rock,aor",spotify:track:0n3TDqqbs7epxzHUi3QbC5,false,45,3,rwinj,Signals,,0.0612
-7.315,0.0284,4,0.185,128.826,0.78,2025-06-26T00:20:48Z,Hey Tonight,0.691,1,162853,1970-12-07,0.0323,Creedence Clearwater Revival,0.709,Craft Recordings,"classic rock,southern rock,country rock",spotify:track:3UrGEZVC2bbMfVcI0DGOlB,false,64,4,rwinj,Pendulum (Expanded Edition),,0.0839
-2.42,0.0243,11,0.116,120.529,0.907,2025-06-26T00:22:00Z,You Only Live Once,0.968,1,189226,2005-12-22,0.0326,The Strokes,0.63,RCA Records Label,"garage rock,indie rock,alternative rock",spotify:track:46Y1VsEbWAQ7dIZe1gpnve,false,1,4,rwinj,First Impressions Of Earth,,0.599
-5.846,0.0112,7,0.208,129.903,0.915,2025-06-26T16:52:25Z,Send Me An Angel,0.386,0,232631,1983-01-01,0.0521,Real Life,0.57,Curb Records,"new wave,synthpop",spotify:track:3HCDGtLZabH3umLgwCBpDB,false,64,4,rwinj,Heartland,,0.000474
-5.682,0.193,2,0.0307,108.804,0.687,2025-06-26T16:54:03Z,She Drives Me Crazy,0.965,1,215773,1988-01-01,0.0431,Fine Young Cannibals,0.799,London Records (Because Ltd),Pop/Dance,spotify:track:4d6eqRtpDX7tydHJGDZUBQ,false,79,4,rwinj,The Raw & The Cooked,Pop/Dance,0.000188
-11.854,0.0315,3,0.128,118.801,0.588,2025-06-27T16:21:37Z,April Skies,0.609,1,240800,1987-08-31,0.0363,The Jesus and Mary Chain,0.545,Artificial Plastic,"shoegaze,post-punk,dream pop,noise rock,new wave",spotify:track:7BIsEOxWH7hpTgCV60vXv7,false,46,4,rwinj,Darklands,,0.141
-4.039,0.00448,4,0.258,130.001,0.934,2025-06-27T17:29:04Z,Lips Like Sugar,0.863,1,291866,1987-07-06,0.0299,Echo & the Bunnymen,0.552,Rhino/Warner Records,"new wave,post-punk,gothic rock,darkwave",spotify:track:3Oa8vnNXStoOHLbJwwMEDP,false,59,4,rwinj,Echo & The Bunnymen,,0.0212
-11.24,0.0568,4,0.116,147.515,0.634,2025-06-27T17:40:06Z,Lost in the Supermarket - Remastered,0.84,1,226946,1979-01-01,0.0727,The Clash,0.608,Sony Music UK,punk,spotify:track:72boGlgSwUK01n44O2tOCv,false,62,4,rwinj,London Calling (Remastered),,0.00615
-9.344,0.0892,1,0.0575,123.799,0.828,2025-06-27T17:46:58Z,A Girl Like You,0.908,1,282866,1989-10-18,0.0283,The Smithereens,0.657,Capitol Records,"power pop,jangle pop,new wave",spotify:track:4qz8PpznLcX5AtoUusIiAh,false,51,4,rwinj,Smithereens 11,,0
-5.854,0.00157,7,0.333,167.709,0.857,2025-06-27T17:52:02Z,I Will Dare,0.559,1,197426,1984-01-01,0.0833,The Replacements,0.456,Ryko/Rhino,"power pop,jangle pop",spotify:track:1MV5BzujqyRQ417qj0rXNS,false,53,4,rwinj,Let It Be (Expanded),,0.0344
-5.664,0.024,2,0.159,164.019,0.961,2025-06-27T18:10:11Z,Breaking the Law,0.491,1,153840,1980-01-01,0.0857,Judas Priest,0.362,Sony Music CG,"heavy metal,metal,hard rock,glam metal",spotify:track:2RaA6kIcvomt77qlIgGhCT,false,75,4,rwinj,British Steel,,0.00000935
-9.12,0.469,8,0.337,93.798,0.689,2025-06-28T15:47:04Z,Eruption - 2015 Remaster,0.5,1,102080,1978-02-10,0.0555,Van Halen,0.225,Rhino/Warner Records,"glam metal,classic rock,rock,hard rock",spotify:track:2tAeN2TKlQLOoSPXtARzBV,false,65,4,rwinj,Van Halen (Remastered),,0.813
-7.461,0.0185,9,0.738,171.442,0.89,2025-06-28T15:51:48Z,Primary - 2005 Remaster,0.898,1,219533,1981-04-10,0.051,The Cure,0.496,Rhino/Elektra,"new wave,post-punk,gothic rock,darkwave",spotify:track:6nm0hSPGUOJGSBcLeDlgFT,false,47,4,rwinj,Faith,,0.254
-11.271,0.34,0,0.0977,81.117,0.62,2025-06-28T15:52:49Z,A Forest - 2006 Remaster,0.421,1,354933,1980-04-18,0.0648,The Cure,0.633,Rhino/Elektra,"new wave,post-punk,gothic rock,darkwave",spotify:track:3O4TPMOgChXOerSdB5WENH,false,61,4,rwinj,Seventeen Seconds (Deluxe Edition),,0.605
-12.778,0.774,2,0.15,92.726,0.462,2025-06-28T15:53:18Z,I Want You to Want Me,0.738,1,191226,1977-09,0.0298,Cheap Trick,0.806,Epic/Legacy,"power pop,aor,classic rock,glam rock",spotify:track:1JkZg3eMQTmTn93E8Yd3UL,false,70,4,rwinj,In Color,,0.0122
-1.531,0.0000383,10,0.249,98.162,0.996,2025-06-29T00:47:42Z,Just Because,0.209,0,231853,2003-01-01,0.0931,Jane's Addiction,0.369,Capitol Records,"funk rock,grunge",spotify:track:3k6L0H08zSY5yRDgqI8fqx,false,58,4,rwinj,Strays,,0.14
-3.765,0.0411,4,0.244,84.998,0.914,2025-06-29T16:14:06Z,Ripple,0.677,1,161007,2025-01-24,0.176,Good Neighbours,0.487,Polydor Records,Pop,spotify:track:0hbgaixFghGK7zjc3p27H6,false,70,4,rwinj,Ripple,Pop,0.000178
