Track URI,Track Name,Album Name,Artist Name(s),Release Date,Duration (ms),Popularity,Explicit,Added By,Added At,Genres,Record Label,Danceability,Energy,Key,Loudness,Mode,Speechiness,Acousticness,Instrumentalness,Liveness,Valence,Tempo,Time Signature
spotify:track:3UBItNVbFQiVC5hBQlBvnr,"Your Woman","Women in Technology","White Town",1997-02-24,259893,75,false,rwinj,2024-07-31T17:38:24Z,"","Echo",0.815,0.605,5,-9.118,0,0.0368,0.033,0.684,0.114,0.795,102.642,4
spotify:track:26UgQ719aQ39QAHytxPuVJ,"The Globe","The Globe","Big Audio Dynamite",1991-07-16,364640,44,false,rwinj,2024-07-31T18:03:05Z,"new wave,alternative dance","Columbia",0.917,0.603,2,-9.541,1,0.13,0.172,0,0.0489,0.696,113.951,4
spotify:track:7vRKk4pKDF8I6hqTw6YGj5,"Biafra","For a Fistful of Dollars","Derrick Harriott,The Crystalites",2013-02-06,146893,30,false,rwinj,2024-08-01T04:26:50Z,"rocksteady,lovers rock,reggae,ska,roots reggae,dub","Crystal Records",0.667,0.485,7,-12.765,1,0.0427,0.291,0.803,0.0954,0.784,88.826,4
spotify:track:0yoPmoBc2sRaxndGzhJb8y,"Doctor Worm","Severe Tire Damage","They Might Be Giants",1998-08-11,181533,40,false,rwinj,2024-08-03T15:21:33Z,"","Idlewild Recordings",0.531,0.633,6,-5.94,1,0.0316,0.0691,0,0.0828,0.727,161.672,4
spotify:track:48ZUwXrEOhaXLCxvmRYhZv,"Don't Sweat The Technique","Don't Sweat The Technique","Eric B. & Rakim",1992-06-23,262800,63,false,rwinj,2024-08-03T15:27:35Z,"old school hip hop,east coast hip hop,hip hop","Geffen*",0.737,0.89,4,-8.443,1,0.158,0.00556,0.00171,0.0801,0.809,105.848,4
spotify:track:6QrFV5Z2K5kvSHPzM3vjI3,"The Ick","The Ick","Panic Shack",2022-03-08,144128,49,false,rwinj,2024-08-03T15:29:31Z,"riot grrrl","Brace Yourself Records",0.401,0.821,9,-6.079,0,0.0862,0.00137,0.000323,0.22,0.645,89.186,4
spotify:track:2yL1xzB2RMPjqnHr3coJ9D,"All Out Attack","All Out Attack","Johnny Marr,Johnny Marr + The Healers",2024-07-17,282813,14,false,rwinj,2024-08-03T15:32:05Z,"","BMG Rights Management (UK) Ltd.",0.52,0.601,7,-9.195,1,0.0379,0.158,0.00471,0.0835,0.141,126.242,4
spotify:track:7MH7TkjQ4RA1vG454dciw0,"That's Entertainment","Sound Affects","The Jam",1980-11-28,212786,62,false,rwinj,2024-08-03T15:32:50Z,"punk,new wave,britpop,power pop","Polydor Records",0.567,0.653,0,-11.524,0,0.0336,0.211,0.000489,0.0639,0.78,142.218,4
spotify:track:1k2NivgsLlf1jgn13QqEcd,"I'd Do Anything For Love (But I Won't Do That)","Bat Out Of Hell II: Back Into Hell","Meat Loaf",1993-01-01,718600,47,false,rwinj,2024-08-03T15:35:05Z,"","Geffen*",0.366,0.561,2,-10.383,1,0.0857,0.465,0.00000428,0.14,0.363,150.425,4
spotify:track:4gAU0cHQJFxj1n2ZDiEIzG,"Step On - 2007 Remaster","Pills 'N' Thrills And Bellyaches (Collector's Edition)","Happy Mondays",1990-01-01,318506,60,false,rwinj,2024-08-03T15:36:58Z,"madchester,britpop,alternative dance","London Music Stream",0.595,0.889,7,-7.163,1,0.0332,0.0000112,0.551,0.118,0.45,105.153,4
spotify:track:18blBNZqVS13VVEI1VgTQ1,"Stayin' Alive - 12 Mix","Greatest Hits","Happy Mondays",1999-01-01,328186,26,false,rwinj,2024-08-03T15:39:51Z,"madchester,britpop,alternative dance","London Music Stream",0.489,0.868,5,-7.477,1,0.0429,0.00963,0.0115,0.135,0.476,103.965,4
spotify:track:1gAbNhSjDgQEVg8g18mxSZ,"Hallelujah - Club Mix","Hallelujah","Happy Mondays,Andrew Weatherall,Paul Oakenfold",1993-01-01,389493,48,false,rwinj,2024-08-03T15:41:54Z,"madchester,britpop,alternative dance,space rock,trance","London Music Stream",0.62,0.908,5,-6.773,1,0.0349,0.00315,0.19,0.417,0.575,98.009,4
spotify:track:2Ywft2Thbf7mPyoD2ntadi,"Suspicious Minds","Fine Young Cannibals","Fine Young Cannibals",1985-01-01,237466,60,false,rwinj,2024-08-03T15:45:19Z,"","London Music Stream",0.397,0.949,7,-4.741,1,0.12,0.0575,0.000388,0.215,0.589,129.368,4
spotify:track:64DpBZj4IlDFzCwxTq7azl,"Holland 1945","In the Aeroplane Over the Sea","Neutral Milk Hotel",1998-02-20,192533,60,false,rwinj,2024-08-03T15:46:11Z,"anti-folk,folk punk","Merge Records",0.0621,0.887,7,-4.305,1,0.0632,0.0399,0.000156,0.619,0.48,198.441,4
spotify:track:0lDoG5fQ9cmpvpenwR7Jln,"Incinerate","Rather Ripped","Sonic Youth",2006-01-01,295813,56,false,rwinj,2024-08-03T15:47:37Z,"noise rock,grunge,alternative rock,post-punk,shoegaze","Geffen",0.446,0.866,8,-8.016,1,0.0342,0.0794,0.543,0.137,0.455,152.172,4
spotify:track:2RUhtNBh43RtSg0WBPPq3m,"Naive","Inside In / Inside Out","The Kooks",2006-01-01,203506,67,false,rwinj,2024-08-03T15:47:56Z,"indie,indie rock","Virgin Records",0.547,0.816,8,-6.165,0,0.0624,0.0688,0,0.127,0.722,102.765,4
spotify:track:7gUMShP1l20tC0xf17Zplk,"Ride Like the Wind","Christopher Cross","Christopher Cross",1979,275506,68,false,rwinj,2024-08-03T15:51:41Z,"yacht rock,soft rock","Rhino/Warner Records",0.669,0.707,0,-13.66,0,0.0478,0.347,0.000716,0.0997,0.806,124.335,4
spotify:track:5IX4TbIR5mMHGE4wiWwKW0,"One","...And Justice For All","Metallica",1988-08-25,447440,43,false,rwinj,2024-08-30T19:36:35Z,"metal,thrash metal,rock,heavy metal,hard rock","Blackened Recordings / Universal Music",0.437,0.695,7,-9.447,1,0.0617,0.00111,0.0857,0.124,0.413,102.178,3
spotify:track:1aXFBWnnPFRKUN7vuIA5h0,"Turn The Page","Garage Inc.","Metallica",1998-01-01,366466,69,false,rwinj,2024-08-30T22:09:57Z,"metal,thrash metal,rock,heavy metal,hard rock","Blackened Recordings / Universal Music",0.426,0.813,8,-3.963,1,0.0318,0.0000194,0.022,0.0937,0.228,149.013,4
spotify:track:6RbC38oDCIXD8V2AOU1Tjr,"The Memory Remains","Reload","Metallica,Marianne Faithfull",1997-01-01,279173,68,false,rwinj,2024-08-30T22:20:28Z,"metal,thrash metal,rock,heavy metal,hard rock","Blackened Recordings / Universal Music",0.435,0.901,10,-3.694,0,0.0429,0.000303,0.0072,0.185,0.547,143.646,4
spotify:track:0LAcM6I7ijW4VVW0aytl1t,"One (Remastered)","...And Justice for All (Remastered Deluxe Box Set)","Metallica",1988-09-07,446145,76,false,rwinj,2024-09-01T19:12:32Z,"metal,thrash metal,rock,heavy metal,hard rock","Blackened Recordings",0.438,0.687,7,-9.15,1,0.0619,0.000668,0.0801,0.42,0.426,103.01,3
spotify:track:13Uvqll8OQDjw3wDweIK9y,"The Day That Never Comes","Death Magnetic","Metallica",2008-01-01,476266,69,false,rwinj,2024-09-01T20:56:30Z,"metal,thrash metal,rock,heavy metal,hard rock","Blackened Recordings / Universal Music",0.334,0.982,4,-2.293,0,0.0619,0.0000911,0.149,0.106,0.501,126.883,4
spotify:track:5ziTj3HGli0fqGevKgThlE,"Victoria","The Frenz Experiment","The Fall",1988-02-29,165933,42,false,rwinj,2024-09-05T15:33:57Z,"post-punk,madchester,new wave,deathrock,proto-punk,cold wave","Beggars Banquet",0.494,0.79,7,-9.131,1,0.0295,0.025,0.166,0.185,0.901,148.083,4
spotify:track:0XciPb5F3Sm9eDOfUVLDhO,"Hit the North - Part 1","The Frenz Experiment","The Fall",1988-02-29,241120,40,false,rwinj,2024-09-05T15:38:14Z,"post-punk,madchester,new wave,deathrock,proto-punk,cold wave","Beggars Banquet",0.693,0.855,2,-7.958,1,0.0415,0.00887,0.759,0.0703,0.914,112.089,4
spotify:track:2sIaC5trbnNk748yBC8Stc,"Mountain Energei","The Real New Fall Formerly 'Country On The Click'","The Fall",2003-01-01,202013,38,false,rwinj,2024-09-05T15:43:45Z,"post-punk,madchester,new wave,deathrock,proto-punk,cold wave","Cherry Red Records",0.775,0.668,2,-6.308,1,0.051,0.451,0.0214,0.131,0.653,128.05,4
spotify:track:4a4GUIjeimOUlmwHG0vDfI,"Lost in Music","The Infotainment Scan","The Fall",1993-04-19,230000,41,true,rwinj,2024-09-05T15:50:06Z,"post-punk,madchester,new wave,deathrock,proto-punk,cold wave","Cherry Red Records",0.47,0.884,7,-6.217,1,0.0727,0.0179,0.0343,0.865,0.528,125.006,4
spotify:track:1vHMqo7u3tqyxoZF5C7tGj,"L.A.","This Nation's Saving Grace","The Fall",1985-09-27,249973,33,false,rwinj,2024-09-05T15:55:01Z,"post-punk,madchester,new wave,deathrock,proto-punk,cold wave","Beggars Banquet",0.536,0.661,9,-13.617,1,0.0274,0.134,0.845,0.0755,0.808,126.82,4
spotify:track:2Qg5BiJCCdVlwjd8xV1LBp,"Runnit Back","THE FORCE","LL COOL J",2024-09-06,166173,12,false,rwinj,2024-09-11T14:47:13Z,"old school hip hop,east coast hip hop","LL COOL J, Inc.",0.594,0.934,11,-2.658,0,0.341,0.0434,0.0000122,0.264,0.703,187.99,4
spotify:track:45xBWOa6oEAk1WlVyr5QAB,"(White Man) in Hammersmith Palais","Hits Back","The Clash",2013-08-26,240560,49,false,rwinj,2024-09-11T15:17:07Z,"punk","Sony Music UK",0.692,0.694,9,-6.398,1,0.0369,0.132,0.00000588,0.0855,0.832,102.769,4
spotify:track:1zz3gyupVHNCZ3tZiboxyg,"Sighommi","Aghori Mhori Mei","The Smashing Pumpkins",2024-08-02,174557,48,false,rwinj,2024-09-12T03:34:21Z,"alternative rock,rock","Martha's Music",0.524,0.921,2,-4.869,1,0.0384,0.00000155,0.0276,0.0522,0.416,101.981,4
spotify:track:6mFkJmJqdDVQ1REhVfGgd1,"Wish You Were Here","Wish You Were Here","Pink Floyd",1975-09-12,334743,84,false,rwinj,2024-09-12T13:47:49Z,"progressive rock,psychedelic rock,classic rock,art rock,rock","Pink Floyd Records",0.481,0.262,7,-15.73,1,0.0414,0.735,0.0114,0.832,0.375,122.861,4
spotify:track:3uMmllZo1AfoEnVT4ENCD3,"Highway Star - Remastered 2012","Machine Head (Remastered)","Deep Purple",1972-03-25,366136,69,false,rwinj,2024-09-14T20:10:42Z,"hard rock,classic rock,rock","EMI Records Limited",0.307,0.909,9,-7.08,0,0.0574,0.135,0.0336,0.125,0.443,173.674,4
spotify:track:5jLKgUAVNJHLtuBKpB3fwu,"God Knows It's True","Deep Fried Fanclub","Teenage Fanclub",1995-01-01,293640,17,true,rwinj,2024-09-17T15:00:52Z,"power pop,jangle pop,britpop","Fire Records",0.283,0.946,2,-10.065,1,0.0669,0.0000242,0.517,0.438,0.531,131.359,4
spotify:track:6qL0KtO2n1iAcjBmYj8tB9,"Alcoholiday","Bandwagonesque","Teenage Fanclub",1991-11-19,326240,30,false,rwinj,2024-09-17T15:02:00Z,"power pop,jangle pop,britpop","DGC",0.371,0.615,8,-13.374,1,0.0297,0.0000082,0.682,0.235,0.838,110.93,4
spotify:track:4awfhElagYAbcQXto8QOHK,"So Far Gone","Deep Fried Fanclub","Teenage Fanclub",1995-01-01,197493,12,false,rwinj,2024-09-17T15:02:35Z,"power pop,jangle pop,britpop","Fire Records",0.187,0.902,9,-10.535,1,0.0696,0.000208,0.000472,0.0889,0.474,152.619,4
spotify:track:4y2WvantKl0Lb20MYdMD7D,"Smokestack Lightning","Ultramega OK (Expanded Reissue)","Soundgarden",2017-03-10,276121,35,false,rwinj,2024-09-17T15:06:31Z,"grunge,post-grunge,hard rock","Sub Pop Records",0.402,0.781,2,-5.873,1,0.03,0.000625,0.00662,0.0978,0.589,74.422,4
spotify:track:3A6Ty55vQ1NC06EiB1fi9z,"No More Heroes - 1996 Remaster","No More Heroes","The Stranglers",1977,207440,54,false,rwinj,2024-09-23T15:08:20Z,"proto-punk,new wave","Parlophone UK",0.293,0.933,0,-8.082,1,0.0701,0.000109,0.145,0.336,0.837,150.994,4
spotify:track:5xoNx4guLOeGsuFxuqTord,"The Evil Has Landed","Villains","Queens of the Stone Age",2017-08-25,390579,53,false,rwinj,2024-09-25T00:00:09Z,"stoner rock,alternative rock","Matador",0.264,0.882,7,-4.362,1,0.0791,0.00057,0.112,0.283,0.766,85.537,4
spotify:track:4vsoWZcvtvSsE0OiVvDDvX,"Harness Your Hopes - B-side","Brighten the Corners: Nicene Creedence Ed.","Pavement",2008-12-09,206946,76,false,rwinj,2024-09-26T10:10:59Z,"alternative rock,indie","Matador",0.604,0.573,2,-7.804,1,0.037,0.289,0.0406,0.133,0.581,107.862,4
spotify:track:4tBl1xhBg5PETpBvFnQmGl,"Cut Your Hair","Crooked Rain Crooked Rain","Pavement",1994-02-14,186733,60,false,rwinj,2024-09-26T10:11:35Z,"alternative rock,indie","Matador",0.472,0.735,4,-9.822,0,0.0305,0.00596,0.00124,0.166,0.643,110.809,4
spotify:track:6k9DUKMJpWvu6eFG3O64Lg,"Subterranean Homesick Blues","Bringing It All Back Home","Bob Dylan",1965-03-22,141293,64,false,rwinj,2024-09-29T14:50:48Z,"folk rock,folk,singer-songwriter,roots rock,country rock","Columbia",0.576,0.727,4,-9.973,0,0.05,0.702,0,0.324,0.751,173.854,4
spotify:track:13q9LDEilSlv7yBI18mX8X,"Spoilt Victorian Child","This Nation's Saving Grace","The Fall",1985-09-27,253200,25,false,rwinj,2024-10-03T03:33:25Z,"post-punk,madchester,new wave,deathrock,proto-punk,cold wave","Beggars Banquet",0.241,0.806,4,-11.94,1,0.0663,0.284,0.0073,0.363,0.268,184.829,3
spotify:track:7ibaJQcYuEjvkyab1hRN8D,"Theme From Sparta F.C.","Theme From Sparta F.C. #2","The Fall",2004,230557,36,false,rwinj,2024-10-03T14:04:43Z,"post-punk,madchester,new wave,deathrock,proto-punk,cold wave","Take23CD",0.462,0.99,9,-6.005,1,0.161,0.00554,0.222,0.738,0.679,154.895,4
spotify:track:468OjJdSYyN77e1tYj4O6Y,"Walk on By","Black and White","The Stranglers",1978-05-26,382426,45,false,rwinj,2024-10-03T15:07:27Z,"proto-punk,new wave","Parlophone UK",0.401,0.778,9,-7.773,0,0.0437,0.0000242,0.144,0.281,0.721,131.145,4
spotify:track:5a4MgIUSf9K8wXLSm6xPEx,"High Hopes","The Division Bell","Pink Floyd",1994,510964,64,false,rwinj,2024-10-05T00:48:13Z,"progressive rock,psychedelic rock,classic rock,art rock,rock","Pink Floyd Records",0.519,0.413,0,-12.535,0,0.0251,0.205,0.152,0.351,0.267,75.219,4
spotify:track:23MrkN7g6Q5U7GLIxNHN1B,"Foxey Lady","Are You Experienced","Jimi Hendrix",1967-05-12,198773,63,false,rwinj,2024-10-06T18:12:18Z,"psychedelic rock,classic rock,acid rock,blues rock","Legacy Recordings",0.507,0.847,1,-5.987,0,0.0411,0.0751,0.237,0.372,0.566,98.096,4
spotify:track:3EHD1utxPtIogoeZ7QrVWT,"You Just Haven't Earned It Yet Baby","Louder Than Bombs","The Smiths",1987,213306,48,false,rwinj,2024-10-07T16:55:47Z,"new wave,madchester,jangle pop","WM UK",0.547,0.893,6,-5.118,1,0.0332,0.023,0.0189,0.0404,0.798,141.45,4
spotify:track:2DSVL59R1cpEjMdtWSpmgd,"Ignite","Strawberries (Deluxe Edition)","The Damned",1982-10-01,292942,37,false,rwinj,2024-10-07T17:25:26Z,"punk,proto-punk,gothic rock,post-punk,deathrock,new wave,horror punk","Castle Communications",0.374,0.983,7,-6.327,1,0.11,0.0000467,0.066,0.926,0.18,145.403,4
spotify:track:7rpW9vanJhOhe55YkquixZ,"Baby Strange","The Slider","T. Rex",1972-07-21,186493,29,false,rwinj,2024-10-08T01:22:29Z,"glam rock,proto-punk","T-Rex Catalog (Spirit Music)",0.541,0.541,0,-8.076,1,0.0402,0.0352,0,0.336,0.87,131.271,4
spotify:track:6Yu1OL8I0D4vjOzYdsXYGK,"12:51","Room On Fire","The Strokes",2003-10-28,153133,67,true,rwinj,2024-10-11T23:53:00Z,"garage rock,indie rock,alternative rock","RCA Records Label",0.451,0.889,4,-3.838,1,0.0379,0.312,0.8,0.558,0.592,145.056,4
spotify:track:7fJyHPR435lgCbviCEtpfg,"Run's House - Single Version","Greatest Hits","Run–D.M.C.",2002-09-10,224106,17,false,rwinj,2024-10-14T15:10:08Z,"old school hip hop,east coast hip hop,hip hop","Arista/Legacy",0.823,0.835,6,-10.629,1,0.354,0.129,0,0.369,0.68,99.266,4
spotify:track:4fVNq2mSVupgHjcrVySEEx,"Company Culture","Company Culture","Lambrini Girls",2024-09-17,182066,30,true,rwinj,2024-10-14T15:21:25Z,"riot grrrl,queercore","City Slang",0.475,0.917,9,-3.683,0,0.0706,0.00261,0.00000829,0.106,0.663,78.746,4
spotify:track:3gq0rDxpS9e6sbO72PBWbn,"U Should Not Be Doing That","U Should Not Be Doing That / Facts","Amyl and The Sniffers",2024-05-21,206659,46,true,rwinj,2024-10-15T15:25:54Z,"riot grrrl,punk","Virgin Music Label And Artist Services Australia (P&D)",0.626,0.923,1,-1.734,1,0.058,0.00265,0.0000949,0.0604,0.797,125.046,4
spotify:track:66T98FNY6lPFeTu2HxxmkQ,"Turpin Hero","Chorus from the Gallows","Ewan MacColl",1960,161373,27,false,rwinj,2024-10-15T15:37:49Z,"traditional folk,sea shanties,folk,celtic","Topic",0.528,0.363,11,-8.812,1,0.0371,0.993,0.0000594,0.177,0.884,178.105,4
spotify:track:34rOW0yx7mEBKfvI8b2wSK,"Voodoo Lady","Chocolate and Cheese","Ween",1994,228093,52,false,rwinj,2024-10-18T03:14:53Z,"neo-psychedelic","Rhino/Elektra",0.773,0.673,7,-12.132,1,0.0474,0.549,0.159,0.0936,0.925,108.028,4
spotify:track:19Db89BvpKxmuT4S31OkRX,"Don't Believe A Word","Johnny The Fox","Thin Lizzy",1976-01-01,137866,53,false,rwinj,2024-10-18T04:19:24Z,"classic rock,hard rock","EMI",0.448,0.656,8,-9.646,0,0.0435,0.0548,0.000507,0.149,0.899,140.531,4
spotify:track:19Sbxm5YTEFwpCYMxrw1gz,"Last Night On Earth","Pop","U2",1997-03-03,285666,41,false,rwinj,2024-10-18T20:24:45Z,"rock","Universal-Island Records Ltd.",0.552,0.696,1,-8.374,1,0.0324,0.00661,0.00104,0.0721,0.52,116.175,4
spotify:track:6SU2NUpgOMJ74GovjEBwYo,"The Three Sunrises","Wide Awake In America","U2",1985-06-10,227800,30,false,rwinj,2024-10-18T20:28:22Z,"rock","Universal-Island Records Ltd.",0.464,0.764,0,-11.305,1,0.0519,0.02,0.53,0.112,0.536,134.397,4
spotify:track:6zMBklADPUiVev8tFrMHIy,"Cancelled","Cancelled","Mötley Crüe",2024-10-04,287840,45,true,rwinj,2024-10-18T22:14:22Z,"glam metal,hard rock,glam rock","Big Machine Rock",0.501,0.909,10,-2.463,1,0.0496,0.000153,0.000807,0.115,0.236,96.906,4
spotify:track:5RBPXlIiZVrr8hab7LpRJB,"Love Action (I Believe In Love)","Dare!","The Human League",1981,301826,56,false,rwinj,2024-10-21T15:45:22Z,"new wave,synthpop","Virgin Records",0.702,0.588,0,-9.739,1,0.0321,0.0805,0.0193,0.184,0.728,121.738,4
spotify:track:5Hz9ae59vLYdFlWA4ymGul,"Saturn 5","Devil Hopping","Inspiral Carpets",1994-03-07,239160,50,false,rwinj,2024-10-25T03:42:39Z,"madchester,britpop","Mute, a BMG Company",0.578,0.733,0,-10.028,1,0.0318,0.0000557,0.000134,0.318,0.755,127.766,4
spotify:track:3BLewreWlYMr2MbVUBfBS2,"Almost With You - 2002 Remastered","The Blurred Crusade","The Church",1982-02-25,254360,48,false,rwinj,2024-10-25T16:19:42Z,"jangle pop,new wave,post-punk,neo-psychedelic,dream pop","EMI Music Australia",0.366,0.816,0,-5.135,1,0.0331,0.000112,0.021,0.136,0.608,152.085,4
spotify:track:5cy5IStIn7OSHDEIgXeDyq,"Debaser","Doolittle","Pixies",1989-04-17,171746,65,false,rwinj,2024-10-27T00:35:58Z,"alternative rock","4AD",0.489,0.913,5,-9.152,0,0.0479,0.00015,0.709,0.0703,0.539,135.756,4
spotify:track:1JekRMGQ8iN4G1AAdh0SBa,"Enjoy the Silence","Violator (Deluxe)","Depeche Mode",1990-03-19,372826,70,false,rwinj,2024-10-27T00:38:03Z,"new wave,synthpop,darkwave","Venusnote Ltd.",0.382,0.593,0,-11.964,0,0.0323,0.355,0.0174,0.123,0.223,113.002,4
spotify:track:6ScJH9JpQaPS1cFth9kVvr,"Fix Me Now","Garbage (20th Anniversary Edition/Remastered)","Garbage",1995,283240,17,false,rwinj,2024-10-27T00:43:55Z,"","Almo Sounds",0.643,0.944,4,-5.789,0,0.042,0.000802,0.177,0.381,0.758,110.171,4
spotify:track:0hV8cbzJubHKLSFIsBnYUo,"52 Girls","The B-52's","The B-52's",1979-07-11,216333,51,false,rwinj,2024-10-27T03:42:37Z,"new wave,post-punk","Reprise",0.635,0.752,7,-6.613,1,0.0303,0.000855,0.00858,0.0326,0.848,101.08,4
spotify:track:1XTGyfJeMiZXrZ1W3NolcB,"Know Your Enemy","Rage Against The Machine - XX (20th Anniversary Special Edition)","Rage Against The Machine",1992,294506,69,true,rwinj,2024-10-27T04:18:22Z,"rap metal,rap rock,alternative metal,nu metal","Epic/Legacy",0.575,0.857,4,-3.961,1,0.155,0.0125,0.00229,0.145,0.623,117.413,4
spotify:track:0xaNdYwK8ZF3cHSjraQGC0,"Rocket Queen","Appetite For Destruction","Guns N' Roses",1987-07-21,373266,66,false,rwinj,2024-10-27T04:19:50Z,"rock,glam metal,hard rock,classic rock","Guns N Roses P&D",0.446,0.978,5,-5.275,0,0.0443,0.0305,0.162,0.0377,0.399,111.795,4
spotify:track:6CuWIU14sDKQDafyyMMLsA,"Helpless Automaton","Business As Usual","Men At Work",1981-11-09,201560,42,false,rwinj,2024-10-27T04:21:58Z,"","Columbia",0.526,0.647,2,-15.241,1,0.0339,0.0546,0.00516,0.106,0.911,175.185,4
spotify:track:4KC2Z9dL4jL61Ys35N6srg,"Barely Legal","Is This It","The Strokes",2001-07-30,234733,59,true,rwinj,2024-10-27T04:23:17Z,"garage rock,indie rock,alternative rock","RCA Records Label",0.427,0.886,0,-6.304,1,0.037,0.004,0.0532,0.0909,0.857,157.609,4
spotify:track:4oX5RBbeNrLsMVSWs1eO2E,"Run - 2015 Remaster","Technique","New Order",1989-01-30,271706,41,false,rwinj,2024-10-27T04:25:14Z,"new wave,synthpop,post-punk,madchester","Rhino",0.592,0.826,0,-7.223,1,0.0262,0.0209,0.261,0.13,0.75,116.953,4
spotify:track:0IMZX10u38NefQy3LHhQJf,"Use It","Twin Cinema","The New Pornographers",2005-08-22,206773,35,true,rwinj,2024-10-27T04:26:04Z,"power pop,indie rock,indie","Matador",0.552,0.828,4,-5.245,1,0.0389,0.0098,0.00000853,0.343,0.616,144.987,4
spotify:track:2prkFGHxtYClSDOMdKj2wM,"Airborne","Funeral Dress","Wussy",2005-01-01,196906,26,false,rwinj,2024-10-27T04:26:54Z,"","Shake It Records",0.423,0.932,5,-4.951,1,0.147,0.205,0.00134,0.262,0.47,148.781,4
spotify:track:4yvgL1k1WkuSEHkMPhDF5X,"Interzone - 2019 Digital Master","Unknown Pleasures","Joy Division",1979-06-15,136106,43,false,rwinj,2024-10-27T04:37:43Z,"post-punk,new wave,gothic rock,darkwave,madchester,cold wave","Rhino",0.472,0.777,9,-6.516,1,0.0506,0.000131,0.656,0.541,0.727,156.481,4
spotify:track:0eDQj41kzBhMKQIkTt6OJR,"A Certain Romance","Whatever People Say I Am That's What I'm Not","Arctic Monkeys",2006-01-29,331200,67,false,rwinj,2024-10-27T04:38:16Z,"indie,garage rock","Domino Recording Co",0.455,0.881,11,-5.587,1,0.0401,0.000566,0.0000606,0.11,0.201,137.949,4
spotify:track:3UjH6apk0ogZeIqhHbjrRU,"Trans-Europe Express - 2009 Remaster","Trans-Europe Express (2009 Remaster)","Kraftwerk",1977,397373,42,false,rwinj,2024-10-27T04:38:53Z,"krautrock,neue deutsche welle,synthpop,electronic,new wave,electro","Parlophone UK",0.878,0.611,1,-12.221,1,0.118,0.0559,0.838,0.0527,0.718,107.65,4
spotify:track:0jVo3e34A15l6MNu1O3cfa,"Red Right Hand","Let Love In (2011 Remaster)","Nick Cave & The Bad Seeds",1994-04-18,370573,66,false,rwinj,2024-10-27T04:40:08Z,"","Mute, a BMG Company",0.735,0.403,4,-11.599,0,0.037,0.139,0.473,0.107,0.453,115.658,4
spotify:track:72W93VrqRaDiyn3FushDXO,"Yuri-G","Rid Of Me","PJ Harvey",1993-01-01,208226,34,false,rwinj,2024-10-27T04:40:48Z,"art pop,singer-songwriter","Universal-Island Records Ltd.",0.55,0.487,6,-17.308,1,0.0538,0.00179,0.422,0.0558,0.949,141.844,4
spotify:track:1n9lGvOA1TKBvwVQ4tpB2o,"Pulled Up - 2005 Remaster","Talking Heads '77 (Deluxe Version)","Talking Heads",1977-09-16,271346,42,false,rwinj,2024-10-27T04:41:13Z,"new wave,post-punk","Rhino/Warner Records",0.687,0.755,4,-7.215,1,0.0422,0.118,0.0000136,0.231,0.972,139.857,4
spotify:track:0WQiDwKJclirSYG9v5tayI,"There Is a Light That Never Goes Out - 2011 Remaster","The Queen Is Dead","The Smiths",1986-06-16,244586,85,false,rwinj,2024-10-27T04:41:46Z,"new wave,madchester,jangle pop","WM UK",0.523,0.769,4,-5.855,1,0.0269,0.04,0,0.136,0.876,136.162,4
spotify:track:7qU7vhCPKhkDiJYGoboISc,"Apocalypse Dreams","Lonerism","Tame Impala",2012-01-01,356946,58,false,rwinj,2024-10-27T04:42:23Z,"neo-psychedelic,indie","Modular",0.496,0.929,8,-2.279,1,0.0503,0.249,0.131,0.0677,0.267,127.998,4
spotify:track:0jmKzJmUEKNbC7eU8YfOiA,"Mayonaise - 2011 Remaster","Siamese Dream (Deluxe Edition)","The Smashing Pumpkins",1993,348773,70,false,rwinj,2024-10-27T04:44:20Z,"alternative rock,rock","Virgin Records",0.482,0.528,10,-10.426,1,0.0272,0.000107,0.543,0.0839,0.0882,146.043,4
spotify:track:5tLbWNYxXdGRQQmW7LtWjg,"D.O.A. - 2015 Remaster","Van Halen II (Remastered)","Van Halen",1979-03-23,248866,50,false,rwinj,2024-10-27T04:46:13Z,"glam metal,classic rock,rock,hard rock","Rhino/Warner Records",0.404,0.969,8,-6.817,1,0.115,0.0126,0.0000163,0.179,0.199,140.07,4
spotify:track:2fuYa3Lx06QQJAm0MjztKr,"Let Down","OK Computer","Radiohead",1997-05-28,299560,89,false,rwinj,2024-10-27T04:47:25Z,"art rock,alternative rock","XL Recordings",0.351,0.676,9,-9.017,1,0.0313,0.000121,0.113,0.18,0.143,102.46,4
spotify:track:0teWfbvQtUY4dnnZu1yT4E,"Christine’s Tune","The Gilded Palace Of Sin","The Flying Burrito Brothers",1969-02-06,182733,39,false,rwinj,2024-10-27T04:53:53Z,"country rock,alt country,americana,folk rock","A&M",0.46,0.596,3,-13.037,1,0.042,0.000576,0.39,0.295,0.833,98.426,4
spotify:track:2ecF62pLoKSkRimuBCu8ad,"Slow Turning","Slow Turning","John Hiatt",1988-08-30,215027,42,false,rwinj,2024-10-27T04:54:16Z,"americana,roots rock,country rock,alt country","A&M",0.716,0.825,5,-6.72,1,0.0281,0.176,0.00000174,0.121,0.898,134.752,4
spotify:track:3uHuP8x5QwMfElxYVZ9FTk,"Omegaman","Ghost In The Machine (Remastered 2003)","The Police",1981-10-02,167866,40,false,rwinj,2024-10-27T04:55:10Z,"","Polydor Records",0.286,0.892,5,-7.933,1,0.103,0.00269,0.000658,0.834,0.34,183.332,4
spotify:track:3wgQ2CHoisj6UWUK1EWBEn,"Move Me on Down the Line (2005 Remaster)","Tres Hombres (Expanded 2006 Remaster)","ZZ Top",1973-07-26,151680,39,false,rwinj,2024-10-29T03:33:04Z,"southern rock,classic rock,blues rock,rock","BMG Rights Management (US) LLC",0.465,0.646,4,-8.746,1,0.0431,0.00352,0.014,0.124,0.602,148.617,4
spotify:track:3rzYUfyzdZW96cHXnGn1xI,"What Difference Does It Make? - 2011 Remaster","The Smiths","The Smiths",1984-02-20,229866,67,false,rwinj,2024-10-30T17:57:27Z,"new wave,madchester,jangle pop","WM UK",0.383,0.888,1,-6.503,0,0.037,0.000492,0.000174,0.0479,0.393,163.23,4
spotify:track:0u6lRvvxbrAYEdkUFKmHp6,"Whole Lotta Love (feat. Chris Cornell)","Guitar Heaven: The Greatest Guitar Classics Of All Time (Deluxe Version)","Santana,Chris Cornell",2010-09-20,231360,55,false,rwinj,2024-10-30T17:57:27Z,"grunge","Arista",0.406,0.988,9,-2.72,1,0.0926,0.0437,0.0637,0.0664,0.24,100.038,4
spotify:track:2HkFBa2tIfhQTjacNPrNNN,"No New Tale to Tell","Earth Sun Moon","Love and Rockets",1987-09-07,204133,43,false,rwinj,2024-10-30T17:57:27Z,"new wave,gothic rock,post-punk,deathrock,darkwave","Beggars Banquet",0.444,0.635,0,-5.41,1,0.0627,0.0726,0.00173,0.282,0.54,170.719,4
spotify:track:6aPELjt9ynZqmX40xY4Wtq,"Two Worlds Collide","Revenge of the Goldfish","Inspiral Carpets",1992-10-05,278493,38,false,rwinj,2024-10-30T17:57:27Z,"madchester,britpop","Mute, a BMG Company",0.473,0.714,11,-9.89,0,0.0324,0.00714,0.000146,0.263,0.451,106.022,4
spotify:track:4ImZYT2EsMgcracYQIQ5vH,"Streets of Your Town - Remastered","16 Lovers Lane (Remastered)","The Go-Betweens",2020-02-28,219785,43,false,rwinj,2024-10-30T17:57:27Z,"jangle pop","Beggars Banquet",0.631,0.782,3,-9.446,1,0.0271,0.0329,0.00208,0.323,0.737,131.509,4
spotify:track:2rnyHF5bAPIyifUa1TQfo7,"Nervous Breakthrough","Electric Honey","Luscious Jackson",1999-01-01,227333,25,false,rwinj,2024-10-30T17:57:27Z,"","Capitol Records",0.728,0.892,7,-8.436,0,0.0407,0.0178,0.0000209,0.122,0.784,116.148,4
spotify:track:6DTFmTnazxFGo6SdwSICwv,"Bankrupt On Selling","The Lonesome Crowded West","Modest Mouse",1997-11-18,173773,46,false,rwinj,2024-10-30T17:57:27Z,"indie rock,indie,alternative rock","Glacial Pace Recordings",0.352,0.34,9,-6.66,0,0.0319,0.833,0.0000408,0.159,0.0749,69.791,3
spotify:track:0oiGUMBeL8Bn0csxAl4a1W,"I Only Said","Loveless","my bloody valentine",1991-11-04,334400,46,false,rwinj,2024-11-01T17:48:19Z,"shoegaze,dream pop,slowcore,noise rock","Rhino/Warner Records",0.29,0.84,4,-10.427,1,0.0457,0.388,0.848,0.475,0.229,89.182,4
spotify:track:60m7NOkxFVWWCsm0o93NgX,"Going to Town","Black Love","The Afghan Whigs",1996-03-08,196960,23,false,rwinj,2024-11-05T03:34:55Z,"grunge","Elektra Records",0.577,0.827,9,-4.978,1,0.0497,0.00561,0.0183,0.0929,0.678,114.568,4
spotify:track:2bNOq6aol7JZ0JJtLlg3TK,"Bye Bye Love","The Cars","The Cars",1978-06-06,255160,56,false,rwinj,2024-11-07T00:20:04Z,"power pop,new wave,classic rock","Elektra Records",0.626,0.741,4,-7.817,1,0.0298,0.0378,0.00243,0.282,0.911,126.513,4
spotify:track:7uv632EkfwYhXoqf8rhYrg,"Angel","Mezzanine","Massive Attack,Horace Andy",1998-01-01,379533,81,false,rwinj,2024-11-07T02:54:10Z,"trip hop,downtempo,roots reggae,dub,reggae,rocksteady,lovers rock,ragga","Circa",0.714,0.309,7,-10.796,1,0.0291,0.0157,0.807,0.0777,0.0671,107.346,4
spotify:track:3zNkNyXEeDs2HeAZ0fYqxI,"Porch","Ten","Pearl Jam",1991-08-27,210520,59,true,rwinj,2024-11-13T04:08:11Z,"grunge,rock,post-grunge","Epic/Legacy",0.326,0.935,9,-5.69,1,0.0698,0.00372,0.00000755,0.302,0.17,135.762,4
spotify:track:1rnoM73nG7HsyOqV5X7lPF,"Cuts You Up","Deep","Peter Murphy",1989-05-01,327133,58,false,rwinj,2024-11-18T20:22:37Z,"gothic rock,darkwave,post-punk,deathrock,new wave,synthpop","Beggars Banquet",0.634,0.806,4,-10.725,0,0.0398,0.0237,0.00521,0.104,0.804,134.473,4
spotify:track:46uhVedEJ4501p7m1FzPd5,"She Sells Sanctuary - Long Version","Love (Expanded Edition)","The Cult",2009-08-18,418906,41,false,rwinj,2024-11-18T20:53:07Z,"hard rock,glam metal,gothic rock","Beggars Banquet",0.524,0.74,7,-9.341,1,0.0301,0.000012,0.865,0.101,0.302,139.485,4
spotify:track:32F0zqsDgqpIEYApk2b8sr,"Pure Morning","Without You I'm Nothing","Placebo",1998-10-12,254760,65,false,rwinj,2024-11-18T21:08:26Z,"britpop","Elevator Lady Ltd",0.348,0.898,8,-6.835,1,0.0701,0.0367,0.0000373,0.11,0.2,81.268,4
spotify:track:6XpG30QPzV1wkuUhUMw64l,"I Still Believe (Great Design)","Reconciled","The Call",1986-06-11,331240,36,false,rwinj,2024-11-18T21:45:58Z,"new wave","Elektra Asylum",0.539,0.649,1,-12.521,1,0.0296,0.00772,0.0129,0.0891,0.643,101.327,4
spotify:track:5sNRPeIYoLJU5OSb7lSXPj,"I Against I","I Against I","Bad Brains",2019-07-23,170693,47,false,rwinj,2024-11-21T04:42:02Z,"hardcore punk,punk,hardcore,skate punk,proto-punk","Bad Brains Records",0.344,0.939,5,-11.49,1,0.0598,0.0159,0.00268,0.257,0.439,111.902,4
spotify:track:0ydzLmLxbhYCqkX1NHnM4b,"The Refugee - Remastered 2008","War (Remastered)","U2",1983-02-28,220920,38,false,rwinj,2024-12-03T00:20:14Z,"rock","Universal-Island Records Ltd.",0.562,0.873,4,-7.731,1,0.054,0.0507,0.00000743,0.658,0.911,151.134,4
spotify:track:4cICGoff2F8uTr8JbcGFwt,"New London boy","Nonetheless","Pet Shop Boys",2024-04-26,292964,38,false,rwinj,2024-12-20T05:29:58Z,"synthpop,new wave","Parlophone UK",0.615,0.795,7,-5.488,1,0.0347,0.112,0.00193,0.557,0.622,94.99,4
spotify:track:0MP463h7yiFtZmxQAZKh9r,"You Got Me Searching","You Got Me Searching","Jack White",2024-11-15,218519,41,false,rwinj,2024-12-20T19:42:03Z,"blues rock","Third Man Records/Legacy",0.504,0.891,7,-5.072,1,0.0628,0.0473,0.00571,0.0962,0.495,131.698,4
spotify:track:2sgN6sd7oBwbLLVAOfiH6n,"Show Me","Learning to Crawl (US Release)","Pretenders",1984,248533,25,false,rwinj,2024-12-20T21:47:13Z,"","Rhino/Warner Records",0.552,0.807,0,-11.011,1,0.0437,0.00432,0.442,0.114,0.577,139.314,4
spotify:track:51DZ0wUocQ8sQfjnibXVcD,"Unbelievers","Modern Vampires of the City","Vampire Weekend",2013-05-13,202666,61,false,rwinj,2024-12-22T05:49:12Z,"indie,baroque pop","XL Recordings",0.644,0.81,11,-7.685,1,0.0494,0.142,0.000624,0.169,0.835,154.903,4
spotify:track:1mFxMJ2UZGFow4sx75vJ6Z,"Regulate","Above The Rim (Original Motion Picture Soundtrack) [Deluxe Edition]","Warren G,Nate Dogg",1994-03-22,250013,46,true,rwinj,2024-12-29T17:42:10Z,"g-funk,west coast hip hop,old school hip hop,gangster rap","Death Row Records/gamma.",0.758,0.796,4,-7.98,0,0.148,0.352,0.0000275,0.105,0.785,95.831,4
spotify:track:52s6Ea6aSZMvPUIH0dSpk4,"Mirror Man","Fascination!","The Human League",1983,230373,53,false,rwinj,2025-01-15T18:36:14Z,"new wave,synthpop","Virgin Catalogue",0.634,0.615,0,-11.145,1,0.0412,0.0635,0.000051,0.0551,0.519,133.601,4
spotify:track:5ZIDI3l4PZOQ40OfzaKChO,"Bright Yellow Gun","University","Throwing Muses",1995-01-16,223800,31,false,rwinj,2025-01-16T03:24:39Z,"riot grrrl","Woah Dad!",0.45,0.972,0,-6.073,1,0.0564,0.000153,0.000696,0.182,0.487,133.879,4
spotify:track:21F39lpBdWHu5aRy68V8xj,"American Music","Why Do Birds Sing?","Violent Femmes",1991-04-30,230573,53,false,rwinj,2025-01-16T17:25:00Z,"folk punk","Craft Recordings",0.541,0.704,0,-7.436,1,0.0453,0.086,0.0000332,0.114,0.794,133.914,4
spotify:track:4zlRCThoy7Wops9GF11kQX,"Nothing Lasts Forever","Evergreen (Expanded)","Echo & the Bunnymen",1997-01-01,235119,51,false,rwinj,2025-01-21T19:47:12Z,"new wave,post-punk,gothic rock,darkwave","London Music Stream",0.432,0.654,0,-5.345,1,0.0273,0.028,0.0000133,0.176,0.399,83.85,4
spotify:track:29sWHJusOGcENWWuFdRdWL,"Teutonic Wine","ROCKMAKER","The Dandy Warhols",2024-03-15,196833,27,false,rwinj,2025-02-17T20:59:46Z,"","Sunset Blvd Records / Beat The World",0.597,0.784,9,-7.588,0,0.0241,0.0145,0.723,0.251,0.962,107.998,4
spotify:track:701oRFDRzsz3WdhCFOtUJj,"Whipping Post","The Allman Brothers Band (Deluxe)","Allman Brothers Band",1969,317438,61,false,rwinj,2025-02-23T18:38:31Z,"southern rock,jam band,classic rock,blues rock,country rock","Island Def Jam",0.315,0.64,4,-9.256,0,0.0339,0.329,0.341,0.0879,0.583,97.968,4
spotify:track:2Yt2u7vNSCkPUy1awRFSPV,"I'm No Angel","I'm No Angel","Gregg Allman",1986,222893,53,false,rwinj,2025-02-23T18:40:59Z,"southern rock,country rock,blues,blues rock","Epic",0.621,0.773,4,-12.157,1,0.0475,0.144,0,0.161,0.856,140.748,4
spotify:track:5IGUkmuTVroDG2PnaUiNFj,"It's Tricky","Raising Hell (Expanded Edition)","Run–D.M.C.",1986-05-15,182933,71,false,rwinj,2025-02-26T21:13:29Z,"old school hip hop,east coast hip hop,hip hop","Arista/Legacy",0.965,0.918,11,-4.793,0,0.158,0.00309,0,0.0779,0.941,128.126,4
spotify:track:3q2v8QaTnHLveAQzR6gvYm,"Sing About Me I'm Dying Of Thirst","good kid m.A.A.d city (Deluxe)","Kendrick Lamar",2012,723573,66,true,rwinj,2025-02-27T18:23:31Z,"hip hop,west coast hip hop","Aftermath",0.654,0.753,8,-7.556,0,0.398,0.303,0.0000825,0.13,0.371,110.699,5
spotify:track:0eDQj41kzBhMKQIkTt6OJR,"A Certain Romance","Whatever People Say I Am That's What I'm Not","Arctic Monkeys",2006-01-29,331200,67,false,rwinj,2025-02-27T22:17:18Z,"indie,garage rock","Domino Recording Co",0.455,0.881,11,-5.587,1,0.0401,0.000566,0.0000606,0.11,0.201,137.949,4
spotify:track:29CJGwJt5wyo7Sjje87Cy8,"Lay It On The Line","Greatest Hits Remixed","Triumph",2010-05-14,246026,60,false,rwinj,2025-03-02T15:43:46Z,"aor,glam metal,arena rock,classic rock","Craft Recordings",0.228,0.872,9,-5.479,0,0.0627,0.00672,0,0.242,0.279,91.718,4
spotify:track:3pecdrUzTZjaqrw6iCLTvd,"Heart And Soul","Sports","Huey Lewis & The News",1983,253253,62,false,rwinj,2025-03-02T15:44:20Z,"","Capitol Records (CAP)",0.66,0.805,2,-8.01,1,0.0324,0.00327,0.0000143,0.0986,0.944,122.039,4
spotify:track:1d9hUvkv64Wmdu671Dydpc,"Ride Captain Ride","Open (US Internet Release)","Blues Image",1970,225560,56,false,rwinj,2025-03-03T18:00:37Z,"yacht rock","Rhino/Elektra",0.547,0.655,2,-11.707,1,0.0414,0.136,0.00737,0.116,0.649,125.545,4
spotify:track:3q7em8kVHiHpZbKQuVYwFQ,"One Way Out - Live At The Final Fillmore East Concert 1971","At Fillmore East (Deluxe Edition)","Allman Brothers Band",1971-07-01,296146,54,false,rwinj,2025-03-03T21:20:11Z,"southern rock,jam band,classic rock,blues rock,country rock","Island Def Jam",0.541,0.733,9,-9.04,1,0.0491,0.576,0.0321,0.705,0.725,106.734,4
spotify:track:3MODES4TNtygekLl146Dxd,"Ramble On - 1990 Remaster","Led Zeppelin II (1994 Remaster)","Led Zeppelin",1969-10-22,263333,74,false,rwinj,2025-03-17T16:01:22Z,"classic rock,rock,hard rock,rock and roll","Rhino Atlantic",0.468,0.607,9,-11.367,1,0.0336,0.072,0.000852,0.225,0.886,98.429,4
spotify:track:3JQMYznbHf068xIaWI9GRy,"Lucky Man - 2012 Remaster","Emerson Lake & Palmer","Emerson Lake & Palmer",1970-10-01,277653,64,false,rwinj,2025-03-05T20:17:40Z,"progressive rock,art rock","BMG Rights Management (UK) Ltd.",0.341,0.424,7,-14.158,1,0.0294,0.0912,0.0419,0.0543,0.565,154.627,3
spotify:track:5rfJ2Bq2PEL8yBjZLzouEu,"Who Can It Be Now?","Business As Usual","Men At Work",1981-11-09,201293,78,false,rwinj,2025-04-04T02:03:57Z,"","Columbia",0.805,0.479,4,-14.734,1,0.0436,0.0627,0.000143,0.104,0.962,128.411,4
spotify:track:2ECYtCiyC3zLvFTybWv75p,"Mistadobalina","I Wish My Brother George Was Here","Del The Funky Homosapien",1991-10-15,253626,55,false,rwinj,2025-03-24T17:33:21Z,"","Elektra Records",0.798,0.888,10,-4.415,0,0.16,0.104,0.00000947,0.323,0.661,99.608,4
spotify:track:3ZBzJbqwV2gQUAe4ofghOo,"Shake It Up - 2017 Remaster","Shake It Up (Expanded Edition)","The Cars",1981,211960,56,false,rwinj,2025-04-04T02:10:48Z,"power pop,new wave,classic rock","Rhino/Elektra",0.686,0.827,0,-5.738,1,0.0321,0.134,0.0000503,0.126,0.854,147.623,4
spotify:track:40YlM6odn8ArlIOzZOKl2F,"Conversation Lags","Funeral Dress","Wussy",2005-01-01,185906,9,false,rwinj,2025-04-05T00:10:16Z,"","Shake It Records",0.524,0.861,5,-4.586,1,0.0307,0.0881,0.0000726,0.259,0.682,128.604,4
spotify:track:1BrGaRE0CRUooBquwCCpfa,"The First Part","Foolish","Superchunk",1994-04-18,287000,34,false,rwinj,2025-04-05T01:52:06Z,"power pop,indie rock,alternative rock","Merge Records",0.266,0.943,9,-7.019,1,0.0474,0.00159,0.194,0.1,0.5,137.232,4
spotify:track:7nimuQXMMblgsc2o1Ddcw3,"Bruised Lung","Bruised Lung","Superchunk,Rosali",2025-03-25,264493,31,false,rwinj,2025-04-05T01:53:58Z,"power pop,indie rock,alternative rock","Merge Records",0.367,0.956,2,-4.192,1,0.0556,0.000592,0.000103,0.177,0.378,148.993,4
spotify:track:2bfqn7MKDOfnC32PPx8VCP,"Can't Believe It's Me","Uncollected Noise New York '88-'90","Galaxie 500",2024-09-20,235953,22,false,rwinj,2025-04-05T02:17:45Z,"slowcore,dream pop,shoegaze,jangle pop","20/20/20",0.392,0.616,2,-9.912,1,0.0284,0.00619,0.734,0.123,0.636,106.176,4
spotify:track:2QKmX3eS0AE5DTLhHT8F4I,"Waiting for an Alibi","Black Rose: A Rock Legend","Thin Lizzy",1979,209426,33,false,rwinj,2025-04-13T16:03:57Z,"classic rock,hard rock","Rhino/Warner Records",0.365,0.834,3,-8.507,1,0.0861,0.0691,0.00224,0.0878,0.572,148.648,4
spotify:track:6Wgst4P9SOnc6WGLtfTb1z,"How Long","Five-A-Side","Ace",1974-01-01,204226,68,false,rwinj,2025-04-22T13:25:50Z,"yacht rock,soft rock","Cavalcade Records Ltd",0.717,0.406,0,-13.954,0,0.0305,0.587,0.103,0.0869,0.703,123.213,4
spotify:track:4RqUEAv0YXitpXVDbf6nD7,"The Motorcycle Song","Alice's Restaurant","Arlo Guthrie",1967-08-28,170933,39,false,rwinj,2025-04-30T04:32:14Z,"folk,singer-songwriter,folk rock","Warner Records",0.428,0.392,6,-14.087,1,0.0384,0.695,0.000146,0.0953,0.602,152.822,4
spotify:track:6zgQ1tGvESL1hxPLnUdY82,"House We Used to Live In","Greatest Hits... Revisited","The Smithereens",2019-10-25,244173,29,false,rwinj,2025-04-30T20:39:53Z,"power pop,jangle pop,new wave","The Smithereens Record Label",0.451,0.863,8,-7.622,1,0.0326,0.00424,0.000142,0.33,0.675,139.764,4
spotify:track:6qYq6JxCTwtd3jAonVrdkF,"Garbageman","Songs The Lord Taught Us","The Cramps",1980,217026,44,false,rwinj,2025-05-01T03:50:51Z,"psychobilly,horror punk,rockabilly,deathrock,punk,proto-punk,gothic rock","EMI Records",0.56,0.966,11,-9.498,0,0.0634,0.0425,0.0967,0.168,0.389,138.874,4
spotify:track:4fhGlJhz17kmYCWqM3rKWz,"Ripeness - Alternative Version","Porcupine (Expanded; 2004 Remaster)","Echo & the Bunnymen",1983-02-04,282360,14,false,rwinj,2025-05-01T23:47:46Z,"new wave,post-punk,gothic rock,darkwave","Rhino/Warner Records",0.331,0.854,4,-7.682,0,0.0519,0.00905,0.808,0.0741,0.654,145.602,4
spotify:track:3PVVqlxFpXmU46iqAVG4Jg,"I Started Something I Couldn't Finish - 2011 Remaster","Strangeways Here We Come","The Smiths",1987-09-28,227533,57,false,rwinj,2025-05-06T22:36:19Z,"new wave,madchester,jangle pop","WM UK",0.581,0.851,6,-5.723,0,0.0336,0.112,0.00539,0.0375,0.703,135.155,4
spotify:track:4Vtl42qX97JBj68TKifBHR,"Bargain","Who's Next (Deluxe Edition)","The Who",1971-08-14,333586,52,false,rwinj,2025-05-10T00:59:09Z,"classic rock,rock","Polydor Records",0.452,0.888,3,-7.994,1,0.054,0.0169,0.00341,0.17,0.336,133.883,4
spotify:track:4nuSRdNGKLfbwXDaqexTd2,"Head Down","Superunknown (20th Anniversary)","Soundgarden",1994-03-09,369773,50,false,rwinj,2025-05-14T19:13:38Z,"grunge,post-grunge,hard rock","A&M",0.413,0.825,5,-6.347,0,0.0346,0.000135,0.252,0.108,0.565,83.185,4
spotify:track:0FqMZmwe9qJ3nR5FuYpyoY,"Same Ol' Situation (S.O.S.)","Dr. Feelgood","Mötley Crüe",1989,252906,1,false,rwinj,2025-05-14T19:17:37Z,"glam metal,hard rock,glam rock","Mötley Records",0.495,0.986,2,-3.161,1,0.131,0.0319,0.0000183,0.725,0.245,139.703,4
spotify:track:5AzpZ5ADn1AFPxcEBd2Ugf,"Don't Do Me Like That","Damn The Torpedoes (Deluxe Edition)","Tom Petty and the Heartbreakers",1979-10-19,161786,67,false,rwinj,2025-05-16T16:14:37Z,"classic rock","Geffen",0.758,0.806,0,-4.243,1,0.0279,0.213,0.0000152,0.0983,0.962,116.543,4
spotify:track:1mMYaXpT65iZDtvfRA9EkE,"Fresh","Emergency (Reissue)","Kool & The Gang",1984-11-15,266560,72,false,rwinj,2025-05-16T16:26:17Z,"disco,funk","Mercury Records",0.838,0.381,11,-16.867,0,0.0351,0.00912,0.0988,0.0364,0.95,117.708,4
spotify:track:5XtyytAig4m3HkO2XXaL9l,"Rearviewmirror - Remastered","Vs.","Pearl Jam",1993-10-19,283466,62,true,rwinj,2025-05-17T01:13:12Z,"grunge,rock,post-grunge","Epic/Legacy",0.374,0.961,11,-5.387,0,0.0656,0.00146,0.00036,0.351,0.437,158.862,4
spotify:track:608xszaAxVh4m7NcKJiAbF,"One of These Nights - 2013 Remaster","One of These Nights (2013 Remaster)","Eagles",1975-06-10,291685,79,false,rwinj,2025-05-23T01:52:19Z,"classic rock,yacht rock,soft rock","Rhino/Elektra",0.655,0.606,7,-10.385,1,0.0285,0.0603,0.0789,0.0757,0.765,110.061,4
spotify:track:0EOTFIX60ua9qt8pel84tA,"Lonesome Loser - Remastered 2022","First Under The Wire (Remastered 2022)","Little River Band",1979-07-01,241374,67,false,rwinj,2025-05-23T03:37:07Z,"yacht rock,soft rock","CAPITOL CATALOG MKT (C92)",0.453,0.59,0,-7.77,1,0.0248,0.0613,0,0.29,0.434,109.919,4
spotify:track:5V9bsImhPlSOThirjfLLU1,"Back Where You Belong","Tour De Force","38 Special",1984-01-01,269693,52,false,rwinj,2025-05-25T15:16:39Z,"southern rock,classic rock,aor","A&M",0.505,0.543,7,-13.52,1,0.0325,0.013,0.0000507,0.05,0.909,124.748,4
spotify:track:7Lv0xaP62AvXC6U2KOY7kz,"Body Electric","Body and Soul - EP","Sisters of Mercy",1984,258612,20,false,rwinj,2025-05-27T03:37:21Z,"gothic rock,darkwave,post-punk,deathrock,cold wave,new wave,gothic metal","WM UK",0.494,0.862,10,-8.995,1,0.0425,0.0000128,0.831,0.0485,0.773,157.818,4
spotify:track:7HeepmHMM5uUx8m0OkjNbd,"Thieves like Us - 2020 Digital Master","Thieves Like Us","New Order",1984-04-01,398573,32,false,rwinj,2025-05-27T04:07:36Z,"new wave,synthpop,post-punk,madchester","WM UK",0.647,0.728,0,-7.248,1,0.0282,0.00256,0.00177,0.0787,0.838,113.364,4
spotify:track:62ZYyXIsHVX5xVUj80arVu,"The Book of Love","69 Love Songs","The Magnetic Fields",1999-09-14,162413,60,false,rwinj,2025-05-28T03:11:17Z,"anti-folk","Merge Records",0.485,0.262,7,-13.286,1,0.0263,0.978,0.0000599,0.117,0.332,98.536,4
spotify:track:22reYeFPVc6i15XGmbUs7i,"Washington D.C.","69 Love Songs","The Magnetic Fields",1999-09-14,113173,32,false,rwinj,2025-05-28T03:11:41Z,"anti-folk","Merge Records",0.486,0.559,7,-5.882,1,0.136,0.86,0.00000101,0.322,0.861,94.928,4
spotify:track:758wEKVqfYopJIHYWdLVd4,"I Wanna Be Adored - Remastered 2009","The Stone Roses","The Stone Roses",1989-05-02,292800,72,false,rwinj,2025-05-29T21:30:12Z,"madchester,britpop","Sony Music UK",0.494,0.862,4,-9.158,0,0.0273,0.012,0.213,0.228,0.59,112.596,4
spotify:track:6NvRxjfYkkT2SpirAlmsjH,"No One Knows","Songs For The Deaf","Queens of the Stone Age",2002,278706,71,false,rwinj,2025-06-01T14:27:09Z,"stoner rock,alternative rock","Interscope",0.507,0.588,0,-4.881,1,0.0641,0.0359,0.000129,0.373,0.637,170.889,4
spotify:track:42wVwmI5Vt9H5hwcXHg59E,"Natural's Not In It","Entertainment!","Gang Of Four",1979-09-25,186493,45,false,rwinj,2025-06-01T14:28:35Z,"post-punk,new wave,proto-punk,funk rock,punk","Matador",0.765,0.867,0,-5.401,1,0.243,0.0642,0.011,0.017,0.859,161.529,4
spotify:track:5p3JunprHCxClJjOmcLV8G,"Walk On the Wild Side","Transformer","Lou Reed",1972-12-01,254173,75,false,rwinj,2025-06-01T14:29:25Z,"glam rock,proto-punk","RCA/Legacy",0.575,0.318,0,-16.729,1,0.109,0.683,0.000202,0.0934,0.385,104.522,4
spotify:track:4TDLfAmx45EpSiQYG6hCzT,"Dirty Blvd.","New York","Lou Reed",1989-01-10,209266,53,false,rwinj,2025-06-01T14:30:11Z,"glam rock,proto-punk","Warner Records",0.711,0.412,2,-13.873,1,0.0659,0.308,0.00126,0.0882,0.849,123.35,4
spotify:track:14g6foD6sxO1qgkDKuPgWv,"Swingin Party - 2008 Remaster","Tim (Expanded)","The Replacements",1985,233573,59,false,rwinj,2025-06-01T14:32:45Z,"power pop,jangle pop","Rhino/Warner Records",0.647,0.69,6,-8.657,0,0.0454,0.0224,0,0.147,0.682,117.514,4
spotify:track:7jIAttgQTpLDoNtykIQXjH,"Blister In The Sun","Violent Femmes","Violent Femmes",1983-01-01,145706,73,false,rwinj,2025-06-01T14:36:11Z,"folk punk","Craft Recordings",0.726,0.537,0,-8.896,1,0.114,0.316,0,0.0707,0.882,96.889,4
spotify:track:3EYOJ48Et32uATr9ZmLnAo,"Roxanne","Outlandos D'Amour (Remastered 2003)","The Police",1978-11-02,191946,82,false,rwinj,2025-06-01T14:36:21Z,"","Polydor Records",0.618,0.748,0,-8.905,1,0.358,0.0384,0.0000041,0.0473,0.663,134.114,4
spotify:track:34Rt8Ti2OAsA8s39rLgyML,"Love Is The Drug","Roxy Music Collection","Roxy Music",2004-01-01,248645,45,false,rwinj,2025-06-01T14:36:54Z,"glam rock,art rock","EMI Gold",0.839,0.73,2,-6.072,1,0.0809,0.0477,0.00792,0.0305,0.596,124.653,4
spotify:track:0xzn2U71zNWLeJbE4Zat4C,"Space Age Love Song","A Flock Of Seagulls","A Flock Of Seagulls",1982-04-30,227866,55,false,rwinj,2025-06-01T14:37:40Z,"new wave,synthpop","Jive",0.493,0.516,2,-13.071,1,0.0295,0.00072,0.229,0.121,0.621,139.865,4
spotify:track:4UCTgh5jvtqoaMX6MAhUNn,"Personal Jesus - Single Version","The Singles 86-98","Depeche Mode",1998-09-28,224933,74,false,rwinj,2025-06-01T14:37:58Z,"new wave,synthpop,darkwave","Venusnote Ltd.",0.673,0.899,11,-3.528,1,0.0434,0.0911,0.0172,0.0481,0.793,129.885,4
spotify:track:40lKv5fLpzPHV1YQ7nrfMg,"I Will Follow","The Best Of 1980 - 1990","U2",1998-11-02,215840,50,false,rwinj,2025-06-01T14:38:32Z,"rock","UMC (Universal Music Catalogue)",0.365,0.908,8,-7.314,1,0.0712,0.000304,0.0000433,0.24,0.613,155.181,4
spotify:track:2EEinN4Zk8MUv4OQuLsTBj,"Age of Consent - 2015 Remaster","Power Corruption and Lies","New Order",1983-05-02,315333,68,false,rwinj,2025-06-01T14:39:42Z,"new wave,synthpop,post-punk,madchester","Rhino",0.372,0.91,2,-5.559,1,0.0392,0.00101,0.0944,0.13,0.756,161.964,4
spotify:track:3XggELqP0NoiOxhMDhSWBp,"Mirror in the Bathroom - 2012 Remaster","I Just Can’t Stop It (2012 Remaster)","The English Beat",1980-05-23,188586,55,false,rwinj,2025-06-01T14:42:04Z,"ska,new wave","Rhino",0.636,0.644,7,-10.379,1,0.0413,0.161,0.0353,0.0295,0.948,171.844,4
spotify:track:5vmRQ3zELMLUQPo2FLQ76x,"Smalltown Boy","The Age of Consent","Bronski Beat",1984-10-15,302413,81,false,rwinj,2025-06-01T14:43:04Z,"synthpop,hi-nrg","London Records (Because Ltd)",0.685,0.584,5,-10.616,0,0.0276,0.29,0.01,0.124,0.94,134.546,4
spotify:track:1mb5bblw96UieIjCPlWyEw,"Everything Counts","Construction Time Again","Depeche Mode",1983-08-22,261053,40,false,rwinj,2025-06-01T14:44:18Z,"new wave,synthpop,darkwave","Venusnote Ltd.",0.628,0.601,9,-13.372,0,0.0273,0.187,0,0.312,0.704,113.668,4
spotify:track:4fjsOdrWMaKf70x21h5XbX,"Vasoline - 2019 Remaster","Purple (2019 Remaster)","Stone Temple Pilots",1994-06-07,176546,69,false,rwinj,2025-06-01T14:58:57Z,"grunge,alternative rock,post-grunge,rock","Rhino Atlantic",0.295,0.977,10,-7.086,1,0.088,0.00147,0.000187,0.0887,0.353,168.672,4
spotify:track:6tQZF97hLLRmh7nYXnu1Df,"Unglued","Raw and Rocking","Stone Temple Pilots",2020-12-11,154026,7,false,rwinj,2025-06-04T00:35:03Z,"grunge,alternative rock,post-grunge,rock","Warner Music Group - X5 Music Group",0.424,0.986,9,-5.974,1,0.0632,0.00031,0.0158,0.126,0.347,146.455,4
spotify:track:7bEDDsy2LFC0KSqhZp5nPE,"Sweet Disaster","This Album Does Not Exist","DREAMERS",2016-08-26,205173,55,false,rwinj,2025-06-04T00:37:23Z,"","Fairfax Recordings",0.515,0.821,0,-2.333,1,0.0309,0.00794,0,0.0787,0.425,86.995,4
spotify:track:52LL3IFB8N3PaJmoZ8Xii1,"The Way You Used To Do","Villains","Queens of the Stone Age",2017-08-25,274281,64,false,rwinj,2025-06-04T01:08:40Z,"stoner rock,alternative rock","Matador",0.482,0.843,0,-5.909,1,0.288,0.0103,0.103,0.362,0.433,97.907,4
spotify:track:1D3YGmST01Ba0WRiT7THPG,"I Sat by the Ocean","...Like Clockwork","Queens of the Stone Age",2013-06-03,235586,68,false,rwinj,2025-06-04T01:09:27Z,"stoner rock,alternative rock","Matador",0.516,0.78,8,-4.004,0,0.0364,0.00136,0.000715,0.11,0.899,116.794,4
spotify:track:1RwDsaft1szD0FO3DVEtaT,"The Lost Art Of Keeping A Secret","Rated R","Queens of the Stone Age",2000-06-06,216000,60,false,rwinj,2025-06-04T01:12:39Z,"stoner rock,alternative rock","Interscope",0.544,0.791,1,-4.788,1,0.0353,0.0756,0.00951,0.719,0.418,110.754,4
spotify:track:0MHHAIjPAd3OSfBS3H0fPg,"My God Is the Sun","...Like Clockwork","Queens of the Stone Age",2013-06-03,235400,60,false,rwinj,2025-06-04T01:14:52Z,"stoner rock,alternative rock","Matador",0.187,0.855,11,-4.316,0,0.0624,0.000531,0.0204,0.361,0.257,160.892,3
spotify:track:6skC0VsaOZE1kG4CwXI2Zj,"Sex Type Thing - 2017 Remaster","Core (Super Deluxe Edition)","Stone Temple Pilots",1992-09-29,217813,67,false,rwinj,2025-06-04T01:17:29Z,"grunge,alternative rock,post-grunge,rock","Rhino Atlantic",0.406,0.925,9,-7.336,1,0.041,0.00000139,0.624,0.0418,0.773,134.252,4
spotify:track:1iArQTuOzxvrtniGmkyy92,"Burden In My Hand","Down On The Upside","Soundgarden",1996-05-21,290106,67,false,rwinj,2025-06-04T01:18:19Z,"grunge,post-grunge,hard rock","A&M",0.319,0.803,10,-8.928,1,0.0394,0.00534,0.0126,0.177,0.589,183.031,4
spotify:track:6wNwHBUjsessjRioNVFbaO,"Sour Girl","No. 4","Stone Temple Pilots",1999,256253,61,false,rwinj,2025-06-04T01:18:52Z,"grunge,alternative rock,post-grunge,rock","Atlantic Records",0.394,0.663,0,-6.619,1,0.0295,0.0769,0.00644,0.239,0.737,207.575,4
spotify:track:7uJLdyIAaYLGT0oLw7I6b3,"New Fang","Them Crooked Vultures","Them Crooked Vultures",2009-11-17,228639,57,false,rwinj,2025-06-04T01:20:39Z,"stoner rock","Them Crooked Vultures",0.278,0.961,7,-3.845,1,0.0607,0.00000736,0.000662,0.0268,0.752,189.664,4
spotify:track:5ByJlcDmUzK69tpub789AB,"Dead End Friends","Them Crooked Vultures","Them Crooked Vultures",2009-11-17,195531,56,false,rwinj,2025-06-04T01:24:09Z,"stoner rock","Them Crooked Vultures",0.343,0.963,6,-3.354,1,0.106,0.00338,0.0136,0.72,0.55,151.496,4
spotify:track:0nCAVzknkzRXRgB6LhRv04,"Molly's Chambers","Youth And Young Manhood","Kings of Leon",2003-08-19,134906,63,false,rwinj,2025-06-04T01:25:28Z,"","RCA/Legacy",0.598,0.911,11,-3.97,1,0.0515,0.222,0.00000384,0.216,0.953,146.469,4
spotify:track:5LlsD7LdSMkGV4Iu0a2Zq0,"Waste A Moment","WALLS","Kings of Leon",2016-10-14,183093,75,false,rwinj,2025-06-04T01:26:02Z,"","RCA Records Label",0.436,0.85,2,-4.86,1,0.0617,0.000861,0.74,0.128,0.537,152.644,4
spotify:track:4fPBB44eDH71YohayI4eKV,"You Only Live Once","First Impressions Of Earth","The Strokes",2006-01-03,189226,74,false,rwinj,2025-06-04T01:28:21Z,"garage rock,indie rock,alternative rock","RCA Records Label",0.63,0.908,11,-2.42,1,0.0326,0.0238,0.592,0.116,0.968,120.522,4
spotify:track:1yupbrI7ROhigIHpQBevPh,"Chicago","Illinois","Sufjan Stevens",2005-07-05,364613,63,false,rwinj,2025-06-04T01:30:01Z,"baroque pop","Asthmatic Kitty",0.582,0.464,7,-9.657,1,0.0304,0.585,0,0.0892,0.446,124.97,4
spotify:track:7cucVWdmNeaPJuo7WkxaZ8,"Boys in the Better Land","Dogrel","Fontaines D.C.",2019-04-12,300115,66,false,rwinj,2025-06-04T01:43:50Z,"post-punk","Partisan Records",0.392,0.973,9,-5.02,1,0.0733,0.000292,0.0000235,0.348,0.6,176.977,4
spotify:track:5QLHGv0DfpeXLNFo7SFEy1,"1979 - Remastered 2012","Mellon Collie And The Infinite Sadness (Deluxe Edition)","The Smashing Pumpkins",1995,266200,82,false,rwinj,2025-06-04T14:41:06Z,"alternative rock,rock","Virgin Records",0.767,0.787,3,-9.897,1,0.0331,0.0163,0.583,0.0513,0.964,126.879,4
spotify:track:6G2NyhPJeIzgImNvq5WicQ,"CYR","CYR","The Smashing Pumpkins",2020-11-27,243160,43,false,rwinj,2025-06-04T14:47:15Z,"alternative rock,rock","Sumerian Records",0.671,0.879,8,-6.99,1,0.0278,0.000025,0.0262,0.0864,0.505,127.002,4
spotify:track:3ow0TQVttXQF8rLckmXgRx,"Cherub Rock - 2011 Remaster","Siamese Dream (Deluxe Edition)","The Smashing Pumpkins",1993,298253,68,false,rwinj,2025-06-04T14:50:07Z,"alternative rock,rock","Virgin Records",0.382,0.867,9,-7.426,1,0.0399,0.00000591,0.581,0.196,0.453,87.309,4
spotify:track:32fmQsWSAaDas2MJRyMSGG,"The Ghost Inside","Broken Bells","Broken Bells,Danger Mouse,James Mercer",2010-03-01,198040,60,false,rwinj,2025-06-06T20:28:19Z,"","Columbia",0.869,0.7,2,-4.966,1,0.0419,0.0571,0.414,0.0691,0.983,103.983,4
spotify:track:3dmqIB2Qxe2XZobw9gXxJ6,"Mary Jane's Last Dance","Greatest Hits","Tom Petty and the Heartbreakers",2008-05-20,273600,81,false,rwinj,2025-06-06T20:48:54Z,"classic rock","Geffen",0.464,0.654,7,-9.058,0,0.0608,0.0276,0.00000134,0.328,0.53,169.512,4
spotify:track:5boh3WTOJ1aOF6uUEF4HPh,"One Big Holiday","It Still Moves","My Morning Jacket",2003-09-09,321373,52,false,rwinj,2025-06-06T21:05:42Z,"jam band,alt country","ATO Records",0.412,0.917,9,-7.036,0,0.0525,0.0925,0.0143,0.24,0.313,136.85,4
spotify:track:7MjRtWS2teufvOiMM0BARZ,"Nearly Forgot My Broken Heart","Higher Truth","Chris Cornell",2015-09-18,234426,62,false,rwinj,2025-06-06T21:39:32Z,"grunge","A&M",0.593,0.781,0,-5.472,1,0.0285,0.0944,0.00000223,0.173,0.657,119.522,4
spotify:track:0qHP5SiBI218BhMwpYUUmo,"The Two Of Us","Damage and Joy","The Jesus and Mary Chain",2017-03-24,252386,0,false,rwinj,2025-06-06T23:15:38Z,"shoegaze,post-punk,dream pop,noise rock,new wave","Artificial Plastic Records",0.534,0.777,1,-4.13,1,0.0438,0.00299,0.00214,0.0607,0.492,132.963,4
spotify:track:1ULa3GfdMKs0MfRpm6xVlu,"We Dem Boyz","Blacc Hollywood (Deluxe)","Wiz Khalifa",2014-08-19,224933,68,true,rwinj,2025-06-06T23:35:18Z,"rap","Rostrum/Atlantic",0.717,0.862,8,-4.736,1,0.054,0.00689,0,0.321,0.52,130.021,4
spotify:track:2FlK6xytfBkPfTJ62MKbIN,"The Headmaster Ritual (Live)","Adrenalin Baby - Johnny Marr Live","Johnny Marr",2015-10-09,284826,0,false,rwinj,2025-06-06T23:55:23Z,"","BMG Rights Management (UK) Limited",0.397,0.972,9,-7.778,1,0.0492,0.0068,0.00493,0.945,0.631,151.925,4
spotify:track:3ovjw5HZZv43SxTwApooCM,"Wind Of Change","Crazy World","Scorpions",1990-01-01,312360,84,false,rwinj,2025-06-07T20:19:17Z,"hard rock,glam metal,rock","Island Mercury",0.452,0.524,0,-10.108,1,0.0351,0.315,0,0.103,0.246,151.505,4
spotify:track:7GonnnalI2s19OCQO1J7Tf,"Kickstart My Heart","Dr. Feelgood","Mötley Crüe",1989,282653,11,false,rwinj,2025-06-09T01:09:29Z,"glam metal,hard rock,glam rock","Mötley Records",0.359,0.981,7,-3.622,0,0.303,0.00125,0.00236,0.284,0.271,178.98,4
spotify:track:6G09JrmKdDAe29eSH8ZQmR,"Nothin' But A Good Time","Open Up And Say . . . Ahh!","Poison",1988-05-03,223406,58,false,rwinj,2025-06-09T13:49:48Z,"glam metal,glam rock","CAPITOL CATALOG MKT (C92)",0.467,0.969,1,-3.401,1,0.109,0.0419,0,0.329,0.51,129.171,4
spotify:track:08QP0rwnQSbbpGRIuXfrAY,"Talk Dirty To Me","Look What The Cat Dragged In - 20th Anniversary Edition","Poison",1986,223733,64,false,rwinj,2025-06-09T13:51:24Z,"glam metal,glam rock","Capitol Records",0.492,0.957,11,-3.67,1,0.0959,0.00853,0.000879,0.371,0.635,158.06,4
spotify:track:1wlKw9NAWVWpx7OIAyg9EA,"Fell On Black Days","Superunknown (Deluxe Edition)","Soundgarden",1994-03-09,283026,74,false,rwinj,2025-06-09T20:19:39Z,"grunge,post-grunge,hard rock","Geffen",0.574,0.739,4,-5.745,0,0.0271,0.00152,0.000328,0.141,0.514,101.069,3
spotify:track:2NJ5fMRTfFZofOaTccEN9k,"Dirty Little Thing","Contraband","Velvet Revolver",2004,236600,52,false,rwinj,2025-06-09T20:22:11Z,"grunge","RCA Records Label",0.267,0.991,9,-3.821,1,0.106,0.0000456,0.0664,0.175,0.288,167.61,4
spotify:track:75tCX7RI0eqD99yHMS8h4w,"Wild Flower","Electric","The Cult",1987-04-06,217466,56,false,rwinj,2025-06-09T20:50:58Z,"hard rock,glam metal,gothic rock","Beggars Banquet",0.532,0.699,4,-9.496,1,0.0618,0.00674,0.000269,0.0925,0.837,135.425,4
spotify:track:6ZzeXWwDvMzrgCWt9RwBj1,"Pretty Noose","Down On The Upside","Soundgarden",1996-05-21,251866,61,false,rwinj,2025-06-10T14:31:31Z,"grunge,post-grunge,hard rock","A&M",0.389,0.925,0,-7.97,1,0.0643,0.0000179,0.244,0.222,0.317,150.893,4
spotify:track:0AqjkVFqa1ujle4Lb1k9wR,"The Ocean - Remaster","Houses of the Holy (Remaster)","Led Zeppelin",1973-03-28,271397,63,false,rwinj,2025-06-11T14:46:36Z,"classic rock,rock,hard rock,rock and roll","Atlantic Records",0.401,0.56,9,-8.7,1,0.0612,0.08,0.0121,0.361,0.735,88.256,4
spotify:track:2DlHlPMa4M17kufBvI2lEN,"Chop Suey!","Toxicity","System Of A Down",2001-09-04,210240,89,false,rwinj,2025-06-12T00:54:49Z,"nu metal,metal,alternative metal,rap metal,rock","American/Columbia",0.417,0.934,7,-3.908,0,0.119,0.000278,0.0015,0.132,0.287,127.066,4
spotify:track:0snQkGI5qnAmohLE7jTsTn,"Toxicity","Toxicity","System Of A Down",2001-09-04,218933,88,false,rwinj,2025-06-12T00:55:14Z,"nu metal,metal,alternative metal,rap metal,rock","American/Columbia",0.413,0.873,8,-4.151,1,0.0536,0.000264,0.00249,0.204,0.48,116.68,3
spotify:track:1oJ2a13bVN1RssKIWxKLe2,"Close to the Edge (I. The Solid Time of Change II. Total Mass Retain III. I Get up I Get Down IV. Seasons of Man)","Close to the Edge","Yes",1972-09-13,1118773,41,false,rwinj,2025-06-13T14:41:42Z,"progressive rock,art rock,aor","Rhino Atlantic",0.223,0.614,5,-10.805,1,0.0563,0.257,0.155,0.565,0.253,80.417,3
spotify:track:4zLMM82wGnGS0VIy3pq2yU,"Sabbra Cadabra - 2013 Remaster","Sabbath Bloody Sabbath (2014 Remaster)","Black Sabbath",1973-12-01,357084,50,false,rwinj,2025-06-13T14:52:10Z,"metal,heavy metal,rock,stoner rock,doom metal,hard rock,classic rock","Rhino/Warner Records",0.278,0.604,6,-13.542,1,0.048,0.0302,0.192,0.266,0.778,166.663,4
spotify:track:3DmHaJ9zYKj5Snos05lkVF,"Bad Penny","Top Priority (Remastered 2017)","Rory Gallagher",1979-09-16,245377,59,false,rwinj,2025-06-17T02:37:10Z,"blues rock,blues,modern blues,classic blues","UMC (Universal Music Catalogue)",0.252,0.729,2,-10.022,0,0.0646,0.0974,0.00881,0.045,0.689,199.738,4
spotify:track:3mG9OUXsLCfHr6F0ZlcNy0,"Used To Be - 50th Anniversary Edition","Deuce (50th Anniversary)","Rory Gallagher",2022-09-30,307960,16,false,rwinj,2025-06-17T02:44:22Z,"blues rock,blues,modern blues,classic blues","UMC (Universal Music Catalogue)",0.462,0.856,2,-7.657,1,0.0931,0.00104,0.00000942,0.317,0.422,119.826,4
spotify:track:1oTHteQbmJw15rPxPVXUTv,"Insane in the Brain","Black Sunday","Cypress Hill",1993-07-20,208266,76,true,rwinj,2025-06-18T02:04:08Z,"west coast hip hop,old school hip hop,rap rock,hip hop","Columbia",0.897,0.611,11,-10.489,1,0.211,0.0291,0.186,0.0894,0.769,102.304,4
spotify:track:1a8nzW9wIbqtkRvnEmUyHQ,"Halfway There","King Animal (Deluxe Version)","Soundgarden",2012-11-13,196146,40,false,rwinj,2025-06-18T21:02:33Z,"grunge,post-grunge,hard rock","UMC (Universal Music Catalogue)",0.596,0.886,0,-4.718,1,0.0302,0.00959,0.0000751,0.118,0.198,104.923,4
spotify:track:0NI4NnOb5B20mYTJqqJlb6,"Birth Ritual","Telephantasm","Soundgarden",2010-09-28,365586,43,false,rwinj,2025-06-18T21:12:20Z,"grunge,post-grunge,hard rock","Geffen",0.534,0.857,10,-7.75,1,0.0751,0.0000553,0.000488,0.361,0.437,131.182,1
spotify:track:0mRqUWxhx4UNztSp6LzS20,"Entering - Remastered","Screaming Life/Fopp","Soundgarden",2013-11-25,273800,35,false,rwinj,2025-06-21T20:21:27Z,"grunge,post-grunge,hard rock","Sub Pop Records",0.277,0.793,9,-7.263,1,0.0947,0.0114,0.949,0.179,0.342,149.124,4
spotify:track:1LvJ1PFobtIm5DwzRrK0jG,"Swallow My Pride","Dry as a Bone/Rehab Doll","Green River",1990-09-13,179800,43,false,rwinj,2025-06-24T15:16:16Z,"grunge,post-grunge","Sub Pop Records",0.349,0.869,4,-11.481,1,0.0934,0.423,0,0.76,0.193,127.44,4
spotify:track:08onVqQ8YicJ98Ycm1qoLf,"Urgent","4 (Expanded)","Foreigner",1981,271200,73,false,rwinj,2025-06-24T15:17:08Z,"aor,classic rock","Rhino Atlantic",0.855,0.803,4,-5.849,0,0.0316,0.342,0.00732,0.0841,0.962,114.867,4
spotify:track:6rz8k4FrzNs33CUUxPqiW7,"Synchronicity I - Remastered 2003","Synchronicity","The Police",1983-06-01,203000,0,false,rwinj,2025-06-25T23:46:56Z,"","A&M",0.435,0.908,7,-9.19,1,0.0519,0.00453,0.0268,0.0781,0.443,197.208,3
spotify:track:6o8bpkuFMRS2b25Vui9aDC,"One Hundred Years - 2005 Remaster","Pornography","The Cure",1982-05-03,401000,47,false,rwinj,2025-06-25T23:48:09Z,"new wave,post-punk,gothic rock,darkwave","Rhino/Elektra",0.436,0.881,7,-5.998,1,0.0439,0.00123,0.509,0.108,0.262,132.59,4
spotify:track:0n3TDqqbs7epxzHUi3QbC5,"Subdivisions","Signals","Rush",1982-09-09,334853,45,false,rwinj,2025-06-25T23:49:01Z,"progressive rock,classic rock,rock,hard rock,aor","Anthem Records Inc.",0.513,0.856,11,-9.283,0,0.0358,0.0472,0.0612,0.0876,0.489,133.28,3
spotify:track:3UrGEZVC2bbMfVcI0DGOlB,"Hey Tonight","Pendulum (Expanded Edition)","Creedence Clearwater Revival",1970-12-07,162853,64,false,rwinj,2025-06-26T00:20:48Z,"classic rock,southern rock,country rock","Craft Recordings",0.709,0.78,4,-7.315,1,0.0323,0.0284,0.0839,0.185,0.691,128.826,4
spotify:track:46Y1VsEbWAQ7dIZe1gpnve,"You Only Live Once","First Impressions Of Earth","The Strokes",2005-12-22,189226,1,false,rwinj,2025-06-26T00:22:00Z,"garage rock,indie rock,alternative rock","RCA Records Label",0.63,0.907,11,-2.42,1,0.0326,0.0243,0.599,0.116,0.968,120.529,4
spotify:track:3HCDGtLZabH3umLgwCBpDB,"Send Me An Angel","Heartland","Real Life",1983-01-01,232631,64,false,rwinj,2025-06-26T16:52:25Z,"new wave,synthpop","Curb Records",0.57,0.915,7,-5.846,0,0.0521,0.0112,0.000474,0.208,0.386,129.903,4
spotify:track:4d6eqRtpDX7tydHJGDZUBQ,"She Drives Me Crazy","The Raw & The Cooked","Fine Young Cannibals",1988-01-01,215773,79,false,rwinj,2025-06-26T16:54:03Z,"","London Records (Because Ltd)",0.799,0.687,2,-5.682,1,0.0431,0.193,0.000188,0.0307,0.965,108.804,4
spotify:track:7BIsEOxWH7hpTgCV60vXv7,"April Skies","Darklands","The Jesus and Mary Chain",1987-08-31,240800,46,false,rwinj,2025-06-27T16:21:37Z,"shoegaze,post-punk,dream pop,noise rock,new wave","Artificial Plastic",0.545,0.588,3,-11.854,1,0.0363,0.0315,0.141,0.128,0.609,118.801,4
spotify:track:3Oa8vnNXStoOHLbJwwMEDP,"Lips Like Sugar","Echo & The Bunnymen","Echo & the Bunnymen",1987-07-06,291866,59,false,rwinj,2025-06-27T17:29:04Z,"new wave,post-punk,gothic rock,darkwave","Rhino/Warner Records",0.552,0.934,4,-4.039,1,0.0299,0.00448,0.0212,0.258,0.863,130.001,4
spotify:track:72boGlgSwUK01n44O2tOCv,"Lost in the Supermarket - Remastered","London Calling (Remastered)","The Clash",1979,226946,62,false,rwinj,2025-06-27T17:40:06Z,"punk","Sony Music UK",0.608,0.634,4,-11.24,1,0.0727,0.0568,0.00615,0.116,0.84,147.515,4
spotify:track:4qz8PpznLcX5AtoUusIiAh,"A Girl Like You","Smithereens 11","The Smithereens",1989-10-18,282866,51,false,rwinj,2025-06-27T17:46:58Z,"power pop,jangle pop,new wave","Capitol Records",0.657,0.828,1,-9.344,1,0.0283,0.0892,0,0.0575,0.908,123.799,4
spotify:track:1MV5BzujqyRQ417qj0rXNS,"I Will Dare","Let It Be (Expanded)","The Replacements",1984,197426,53,false,rwinj,2025-06-27T17:52:02Z,"power pop,jangle pop","Ryko/Rhino",0.456,0.857,7,-5.854,1,0.0833,0.00157,0.0344,0.333,0.559,167.709,4
spotify:track:2RaA6kIcvomt77qlIgGhCT,"Breaking the Law","British Steel","Judas Priest",1980,153840,75,false,rwinj,2025-06-27T18:10:11Z,"heavy metal,metal,hard rock,glam metal","Sony Music CG",0.362,0.961,2,-5.664,1,0.0857,0.024,0.00000935,0.159,0.491,164.019,4
spotify:track:2tAeN2TKlQLOoSPXtARzBV,"Eruption - 2015 Remaster","Van Halen (Remastered)","Van Halen",1978-02-10,102080,65,false,rwinj,2025-06-28T15:47:04Z,"glam metal,classic rock,rock,hard rock","Rhino/Warner Records",0.225,0.689,8,-9.12,1,0.0555,0.469,0.813,0.337,0.5,93.798,4
spotify:track:6nm0hSPGUOJGSBcLeDlgFT,"Primary - 2005 Remaster","Faith","The Cure",1981-04-10,219533,47,false,rwinj,2025-06-28T15:51:48Z,"new wave,post-punk,gothic rock,darkwave","Rhino/Elektra",0.496,0.89,9,-7.461,1,0.051,0.0185,0.254,0.738,0.898,171.442,4
spotify:track:3O4TPMOgChXOerSdB5WENH,"A Forest - 2006 Remaster","Seventeen Seconds (Deluxe Edition)","The Cure",1980-04-18,354933,61,false,rwinj,2025-06-28T15:52:49Z,"new wave,post-punk,gothic rock,darkwave","Rhino/Elektra",0.633,0.62,0,-11.271,1,0.0648,0.34,0.605,0.0977,0.421,81.117,4
spotify:track:1JkZg3eMQTmTn93E8Yd3UL,"I Want You to Want Me","In Color","Cheap Trick",1977-09,191226,70,false,rwinj,2025-06-28T15:53:18Z,"power pop,aor,classic rock,glam rock","Epic/Legacy",0.806,0.462,2,-12.778,1,0.0298,0.774,0.0122,0.15,0.738,92.726,4
spotify:track:3k6L0H08zSY5yRDgqI8fqx,"Just Because","Strays","Jane's Addiction",2003-01-01,231853,58,false,rwinj,2025-06-29T00:47:42Z,"funk rock,grunge","Capitol Records",0.369,0.996,10,-1.531,0,0.0931,0.0000383,0.14,0.249,0.209,98.162,4
spotify:track:0hbgaixFghGK7zjc3p27H6,"Ripple","Ripple","Good Neighbours",2025-01-24,161007,70,false,rwinj,2025-06-29T16:14:06Z,"","Polydor Records",0.487,0.914,4,-3.765,1,0.176,0.0411,0.000178,0.244,0.677,84.998,4
