Speechiness,Instrumentalness,Duration (ms),Explicit,Acousticness,Danceability,Tempo,Added By,Genre,Valence,Album Name,Release Date,Loudness,﻿Track URI,Track Name,Popularity,Liveness,Mode,Artist Name(s),Energy,Record Label,Time Signature,Genres,Added At,Key
0.0464,0.0291,282520,false,0.00000461,0.384,112.04,rwinj,,0.313,Black Gives Way To Blue,2009-09-29,-5.676,spotify:track:3nBvfyca44vrtZM4iKeS9W,All Secrets Known,50,0.137,1,Alice In Chains,0.82,Craft Recordings,3,"grunge,post-grunge",2026-06-01T06:22:59Z,1
0.0314,0.00000203,318546,false,0.00148,0.546,124.989,rwinj,,0.704,Snakes & Arrows,2007-04-27,-4.244,spotify:track:4oln108lelSadoqEFlwCZi,Far Cry,47,0.665,1,Rush,0.919,Atlantic Records,4,"progressive rock,classic rock,hard rock,rock,aor",2026-06-01T06:35:10Z,9
0.0445,0.0533,474357,false,0.0725,0.642,109.981,rwinj,,0.232,Pages,2023-11-24,-6.556,spotify:track:5zkSXgW05k7cqt1Y320Vqy,In Fair Light,18,0.111,0,Big Wreck,0.834,Sonic Unyon Records,4,post-grunge,2026-06-01T07:01:22Z,0
0.0551,0.000212,188266,false,0.000109,0.331,153.484,rwinj,,0.468,Diamond Eyes,2010-04-30,-4.876,spotify:track:6nmDEbjMZru5j55HIkX2yZ,Diamond Eyes,73,0.0758,1,Deftones,0.845,Reprise,3,"nu metal,alternative metal,rap metal,rock,shoegaze",2026-06-01T07:12:56Z,8
0.027,0.0759,241533,false,0.000824,0.367,89.981,rwinj,,0.0964,Diamond Eyes,2010-04-30,-6.475,spotify:track:1EryAkZ0VHstC6haIxVBiE,Sextape,82,0.116,1,Deftones,0.634,Reprise,4,"nu metal,alternative metal,rap metal,rock,shoegaze",2026-06-01T07:15:28Z,5
0.0481,0,214992,false,0.0031,0.267,146.698,rwinj,,0.531,Vs.,1993-10-19,-5.127,spotify:track:1NnUbdEvJigY0ARnoOgDrv,Dissident - Remastered,61,0.116,1,Pearl Jam,0.864,Epic/Legacy,4,"grunge,rock,post-grunge",2026-06-01T10:47:10Z,0
0.0436,0.604,252760,false,0.107,0.824,116.342,rwinj,,0.779,Z,2005-10-04,-9.222,spotify:track:6xAa0kGkTLU22ZyoHOCHgi,Wordless Chorus,56,0.11,1,My Morning Jacket,0.377,ATO Records,4,"jam band,alt country,roots rock",2026-06-10T15:54:30Z,2
0.0431,0.00000663,236893,false,0.000801,0.485,111.867,rwinj,,0.417,Happy Days,1995-12-31,-6.592,spotify:track:6fRLrrBdeLToeH30d2aCfA,Judy Staring At The Sun,36,0.119,1,Catherine Wheel;Tanya Donelly,0.866,UMC (Universal Music Catalogue),4,"shoegaze,dream pop,jangle pop",2026-06-02T18:59:41Z,9
0.0629,0.00000181,323453,false,0.141,0.469,131.707,rwinj,,0.37,Frontiers (2023 Remaster),1983-02-01,-4.809,spotify:track:1pTw2cNrp9L3esxLAvWnN2,Separate Ways (Worlds Apart) [2023 Remaster],79,0.334,0,Journey,0.96,Columbia,4,"aor,classic rock",2026-06-04T16:42:14Z,4
0.0352,0.00152,348640,false,0.14,0.583,126.994,rwinj,,0.421,Who Do We Think We Are,1973-01-13,-13.045,spotify:track:6aqWPEhtxJaPbSabre2fdx,Woman from Tokyo,47,0.115,1,Deep Purple,0.543,Rhino/Warner Records,4,"hard rock,classic rock,rock",2026-06-04T16:51:16Z,9
0.0544,0.0428,171040,false,0.282,0.599,89.364,rwinj,,0.89,The Fabulous Sounds of the Pacific Northwest,1984-01-01,-10.855,spotify:track:3NwKW5qUxLBOx8UXZSJDnu,Rock 'N' Roll Pest Control,15,0.456,1,The Young Fresh Fellows,0.769,Popllama Records,4,"power pop,jangle pop",2026-06-04T16:51:29Z,11
0.0564,0.00000555,302626,false,0.0131,0.769,135.163,rwinj,Electronic,0.498,Don't Stop EP,1981-10-24,-6.248,spotify:track:7gIQrP5rRbb0BX8lFEnTwg,Mony Mony,70,0.0906,1,Billy Idol,0.712,CAPITOL CATALOG MKT (C92),4,Electronic,2026-06-04T16:51:49Z,1
0.0452,0.0000154,222125,false,0.000629,0.627,133.193,rwinj,,0.965,In Heat (2023 Remaster),1983-02-14,-6.381,spotify:track:6Kzi4F77twuPRkNhxonUET,One in a Million (2023 Remaster),41,0.316,1,The Romantics,0.863,Legacy Recordings,4,power pop,2026-06-04T16:52:20Z,9
0.0373,0.307,245429,false,0.0232,0.252,81.218,rwinj,,0.407,A Love Sleeps Deep,2018-04-13,-7.551,spotify:track:1fDxTjieQnUODBAQp99F6i,Match,7,0.137,1,The Moondoggies,0.814,Hardly Art,4,alt country,2026-06-04T17:01:17Z,2
0.0884,0,154293,true,0.0000253,0.361,87.18,rwinj,,0.437,Of All People,2026-04-10,-1.3,spotify:track:1jhI5gfOIA2iGOWk6gp1xc,Of All People,51,0.419,1,Foo Fighters,0.987,RCA Records Label,4,"rock,post-grunge,alternative rock,grunge",2026-06-04T17:01:29Z,2
0.0359,0.00000363,207293,false,0.106,0.604,98.23,rwinj,,0.772,Singles 1963-1965,2004-04-26,-6.682,spotify:track:7nJ3JRxCAxMZ104jZ4skoJ,It's All Over Now - (Original Single Mono Version),37,0.334,1,The Rolling Stones,0.848,"ABKCO Music and Records, Inc.",4,"classic rock,rock",2026-06-04T17:01:38Z,0
0.0326,0.665,191266,false,0.0551,0.571,92.523,rwinj,,0.716,Q: Are We Not Men? A: We Are Devo!,1978-01-01,-7.066,spotify:track:1RG1Pz45nlYNHka7JioyOT,Uncontrollable Urge,56,0.0943,1,DEVO,0.858,Warner Records,3,"new wave,post-punk,synthpop",2026-06-04T17:11:47Z,2
0.0305,0,324866,false,0.00176,0.542,92.001,rwinj,Pop,0.409,Elegantly Wasted (Remastered),1997-01-01,-5.184,spotify:track:1YMovqbou9iLLA4fSzoFYv,She Is Rising,21,0.106,1,INXS,0.839,Universal Music Australia Pty. Ltd.,4,Pop,2026-06-04T17:18:23Z,7
0.0392,0.00404,282506,false,0.175,0.445,135.742,rwinj,,0.328,Hemispheres,1978-10-29,-10.048,spotify:track:5cHnoalJPx909Umw8EoroV,The Trees,55,0.186,1,Rush,0.721,Island Mercury,5,"progressive rock,classic rock,hard rock,rock,aor",2026-06-04T19:04:40Z,2
0.0343,0.0191,227422,false,0.362,0.93,124.991,rwinj,Pop/Dance,0.722,A Thing Called Divine Fits,2012-08-28,-6.852,spotify:track:5VFh8HV2xvOM70xI97MDPN,Flaggin a Ride,33,0.16,1,Divine Fits,0.618,Merge Records,4,Pop/Dance,2026-06-04T19:10:27Z,0
0.0266,0.373,423973,false,0.00000877,0.416,95.455,rwinj,,0.232,Superunknown (Deluxe Edition),1994-03-09,-6.342,spotify:track:0KhYJOx8HLA1ANTSaxU2KH,Like Suicide,40,0.182,1,Soundgarden,0.566,Geffen,4,"grunge,post-grunge,hard rock",2026-06-04T19:23:55Z,7
0.0569,0.873,181533,false,0.0000022,0.209,117.003,rwinj,,0.506,Mellon Collie And The Infinite Sadness (Deluxe Edition),1995-01-01,-8.158,spotify:track:6912SIXb1G9ql3quOxeCaa,Jellybelly - Remastered 2012,50,0.191,1,The Smashing Pumpkins,0.835,Virgin Records,4,"alternative rock,rock",2026-06-04T19:28:02Z,1
0.0283,0.593,268378,false,0.000073,0.56,113.013,rwinj,Pop,0.0654,The Wreckage,2025-11-06,-7.658,spotify:track:4ZZdjo3O1UFMr0Q4nv3Ame,The Wreckage,31,0.0876,1,Silversun Pickups,0.719,New Machine Recordings,4,Pop,2026-06-04T20:48:18Z,7
0.289,0.214,153973,false,0.0107,0.362,151.636,rwinj,,0.142,Hatful of Hollow,1984-01-01,-4.893,spotify:track:27BNAWiJgEi0anWjNXMaBJ,These Things Take Time - David Jensen Session 26/06/83,50,0.146,0,The Smiths,0.99,WM UK,4,"new wave,madchester,jangle pop",2026-06-04T20:55:24Z,11
0.0427,0.0105,191560,false,0.207,0.649,111.142,rwinj,,0.799,Behind the Sun,1985-03-11,-6.018,spotify:track:6x7jcl21wMqyt5R2bAxPyP,Forever Man - 1999 Remaster,53,0.166,0,Eric Clapton,0.9,Bushbranch / Surfdog Records,4,"blues,blues rock,classic rock",2026-06-04T20:55:33Z,2
0.0383,0.000381,200689,false,0.00285,0.572,97.013,rwinj,,0.338,HELP(2),2026-03-06,-6.666,spotify:track:7dpPH25jaKKvKDJcYDgF6d,Universal Soldier,50,0.114,0,Depeche Mode;War Child Records,0.769,War Child Records,4,"new wave,synthpop,darkwave",2026-06-04T20:55:44Z,6
0.0601,0.00000116,221840,false,0.103,0.555,129.607,rwinj,Pop,0.582,Super Hits,1998-07-03,-7.868,spotify:track:5dRQUolXAVX3BbCiIxmSsf,Your Love,80,0.0631,0,The Outfield,0.757,Columbia/Legacy,4,Pop,2026-06-04T20:58:15Z,1
0.0253,0,256000,false,0.212,0.623,84.383,rwinj,,0.573,Full Moon Fever,1989-01-01,-13.333,spotify:track:5tVA6TkbaAH9QMITTQRrNv,Free Fallin',83,0.0613,1,Tom Petty,0.449,Tom Petty P&D,4,classic rock,2026-06-04T20:58:20Z,5
0.0325,0.0000888,170893,false,0.412,0.745,111.297,rwinj,,0.904,Welcome Back,1976-01-01,-13.002,spotify:track:2pS6zWWQCpO0IVEBIbzJh8,"Welcome Back (Theme from Welcome Back, Kotter)",47,0.158,0,John Sebastian,0.373,Rhino/Warner Records,4,yacht rock,2026-06-04T20:58:27Z,4
0.0308,0.495,410026,false,0.000728,0.517,135.862,rwinj,,0.248,Get Ready,2001-06-18,-5.028,spotify:track:2M4PVaTJGjXV91X8HAVQEx,Crystal,46,0.0744,1,New Order,0.893,Rhino/Warner Records,4,"new wave,synthpop,post-punk,madchester",2026-06-04T21:03:55Z,6
0.107,0.0000138,172666,false,0.163,0.525,142.698,rwinj,,0.388,The Fabulous Sounds of the Pacific Northwest,1984-01-01,-12.003,spotify:track:2N3aW62yK4jt5xPxoMHI9X,Young Fresh Fellows Theme,12,0.227,0,The Young Fresh Fellows,0.84,Popllama Records,4,"power pop,jangle pop",2026-06-04T21:04:09Z,6
0.0752,0.0164,220640,false,0.0364,0.676,80.417,rwinj,,0.855,Seventeen Seconds,1980-04-18,-8.775,spotify:track:1PnQ1sK77wMXagGDhwfBdY,Play for Today - 2006 Remaster,52,0.1,0,The Cure,0.839,Rhino/Elektra,4,"new wave,post-punk,gothic rock,darkwave",2026-06-04T21:04:19Z,11
0.0343,0,230040,false,0.000833,0.528,122.372,rwinj,,0.678,Celebrity Skin,1998-01-01,-5.854,spotify:track:5bVOX6eyHsML2sB4aMlZEi,Malibu,66,0.174,1,Hole,0.904,DGC,4,"riot grrrl,grunge",2026-06-04T21:06:22Z,2
0.0369,0.00416,253373,false,0.0248,0.437,80,rwinj,,0.64,Complete Rarities 1988-2011,2014-05-16,-5.69,spotify:track:0O4KNFZ83h262KdYLJvP9i,"Harborcoat - Live At The Olympia Dublin, Ireland / 2007",6,0.512,1,R.E.M.,0.87,Concord Records,4,"jangle pop,alternative rock,rock",2026-06-04T21:06:31Z,4
0.052,0.311,242000,false,0.0331,0.573,127.033,rwinj,,0.964,Celebration,1982-01-01,-10.966,spotify:track:3GRyWgNPX5rBdh0VQctl5P,I Travel,34,0.182,1,Simple Minds,0.888,Virgin Records,4,new wave,2026-06-04T21:11:45Z,0
0.0514,0.676,248306,false,0.00126,0.348,160.222,rwinj,,0.533,Movement,1981-01-13,-9.331,spotify:track:3cNQLJG59xRFGT8cb8KwSi,Chosen Time - 2015 Remaster,38,0.663,0,New Order,0.848,Rhino,4,"new wave,synthpop,post-punk,madchester",2026-06-04T21:14:58Z,4
0.0522,0.0722,235960,false,0.00726,0.393,121.74,rwinj,,0.669,Rank,1988-09-05,-6.975,spotify:track:4gFqeJzKVCR2rDec2nGuZw,"His Latest Flame / Rusholme Ruffians - Live in London, 1986; Medley",38,0.849,1,The Smiths,0.948,WM UK,4,"new wave,madchester,jangle pop",2026-06-04T21:15:32Z,2
0.0375,0.00202,127093,false,0.565,0.661,105.289,rwinj,,0.893,Elvis 30 #1 Hits,2002-09-24,-6.329,spotify:track:4qbLOU1T7xgTH87eUSkvJ1,(Marie's The Name) His Latest Flame,56,0.134,0,Elvis Presley,0.917,RCA Records Label,4,"rockabilly,rock and roll",2026-06-04T21:15:55Z,4
0.03,0.114,196774,false,0.00232,0.62,110.014,rwinj,,0.625,"No Rain, No Flowers",2025-05-16,-4.877,spotify:track:2aCRmuNL8RaBi8h7BbmTsT,"No Rain, No Flowers",44,0.214,1,The Black Keys,0.859,Easy Eye Sound/Warner Records,4,"blues rock,garage rock,modern blues,rock",2026-06-04T21:21:35Z,0
0.104,0.000047,247800,false,0.352,0.347,169.663,rwinj,,0.554,Fables Of The Reconstruction (Deluxe Edition / 2010 Remaster),1985-06-10,-4.779,spotify:track:1yB6adiY4n7DHjQPsM5Vgi,Life And How To Live It - 2010 Remaster,30,0.0804,1,R.E.M.,0.939,Capitol Records,4,"jangle pop,alternative rock,rock",2026-06-04T21:21:50Z,7
0.0337,0.886,179359,false,0.0006,0.605,124.247,rwinj,,0.952,Transformer,1972-12-01,-7.755,spotify:track:4A48NL57P16zSRaq3yoYry,Vicious,55,0.0526,1,Lou Reed,0.846,RCA/Legacy,4,"glam rock,proto-punk,art rock",2026-06-04T21:21:56Z,2
0.0347,0.0000875,247480,false,0.000794,0.408,156.408,rwinj,,0.569,Pleased to Meet Me (Expanded),1987-01-01,-9.046,spotify:track:0NPGjEcXVFmpi6k8kWXYxJ,The Ledge - 2008 Remaster,34,0.127,1,The Replacements,0.823,Rhino/Warner Records,4,"power pop,jangle pop",2026-06-04T21:26:53Z,0
0.0596,0.278,202392,false,0.000209,0.517,77.011,rwinj,,0.708,Zodeon at Crystal Hall,2026-05-15,-4.749,spotify:track:2Z6T171uzbiX0UHtHgWifP,Magdalena,50,0.107,0,The Smashing Pumpkins,0.957,Martha's Music,4,"alternative rock,rock",2026-06-04T21:26:58Z,6
0.0497,0.626,285344,false,0.00197,0.543,127.648,rwinj,,0.22,Powerage,1978-05-05,-4.986,spotify:track:3UQQ7g6J8fiMB7oldQzBoq,Sin City,62,0.103,1,AC/DC,0.757,Columbia,4,"rock,hard rock,classic rock,rock and roll",2026-06-04T21:30:15Z,9
0.141,0.0949,202400,false,0.201,0.471,103.431,rwinj,,0.215,Then Play On (2013 Remaster; Expanded Edition),1969-09-19,-10.463,spotify:track:0QdagWnOd3GzMCBu57efgp,"Oh Well, Pt. 1 - 2013 Remaster",59,0.145,1,Fleetwood Mac,0.594,Rhino/Warner Records,4,"yacht rock,classic rock,soft rock",2026-06-04T21:35:52Z,0
0.0307,0.000825,183240,false,0.0012,0.661,131.158,rwinj,,0.635,Aeroplane Flies High (Deluxe Edition),2013-01-01,-5.871,spotify:track:2Yw5jfEaQFHoUFhzXUGkgV,The Boy,67,0.127,1,The Smashing Pumpkins,0.694,SMASHING PUMPKINS - DEAL #1 DIGITAL,4,"alternative rock,rock",2026-06-04T21:36:04Z,6
0.0446,0.796,204186,false,0.00361,0.542,136.403,rwinj,,0.592,First and Last and Always,1985-01-01,-10.239,spotify:track:7o3wwWcDjjzY4T5YJdQ7Al,Walk Away,46,0.109,0,Sisters of Mercy,0.96,WM UK,4,"gothic rock,darkwave,post-punk,deathrock,cold wave,new wave,gothic metal",2026-06-04T21:48:53Z,9
0.0413,0.00000134,258298,false,0.08,0.647,79.928,rwinj,,0.268,Un Verano Sin Ti,2022-05-06,-5.745,spotify:track:3k3NWokhRRkEPhCzPmV8TW,Ojitos Lindos,88,0.528,0,Bad Bunny;Bomba Estéreo,0.686,Rimas Entertainment LLC,4,"reggaeton,trap latino,latin,urbano latino,latin alternative,electrocumbia",2026-06-04T21:49:00Z,3
0.0307,0.0069,175333,false,0.00418,0.654,116.572,rwinj,,0.566,Doolittle,1989-04-17,-10.638,spotify:track:6BT7qiDY4A5tOyklohjQuW,Monkey Gone to Heaven,66,0.271,0,Pixies,0.39,4AD,4,alternative rock,2026-06-04T21:49:09Z,6
0.0367,0.000894,506400,false,0.0491,0.667,134.212,rwinj,,0.657,Brothers in Arms,1985-05-13,-9.339,spotify:track:4yqtwO7MQIIXqoiRBPHAgR,Money for Nothing,74,0.0641,0,Dire Straits,0.655,Warner Records,4,classic rock,2026-06-04T22:02:06Z,2
0.0566,0.017,226646,false,0.112,0.456,147.825,rwinj,Rock/Alternative,0.357,musicforthemorningafter,2001-03-27,-7.681,spotify:track:0Vx453PGDgPnTCJuVMQXXY,Life On a Chain,47,0.396,1,Pete Yorn,0.837,Columbia/Legacy,4,Rock/Alternative,2026-06-04T22:09:02Z,7
0.0269,0.0000372,256839,false,0.25,0.66,92.564,rwinj,,0.57,Bellybutton,1990-01-01,-11.213,spotify:track:7eilLreA3JyO5IkSEYQTBt,That Is Why,32,0.299,1,Jellyfish,0.462,Virgin Records,4,"power pop,jangle pop",2026-06-04T22:15:45Z,9
0.0401,0.114,256933,false,0.000692,0.512,117.461,rwinj,,0.612,Holy Diver,1983-01-01,-5.659,spotify:track:2PpNgmrS9mAyrkRAwn6YPq,Rainbow in the Dark,66,0.0283,0,Dio,0.947,Rhino/Warner Records,4,"heavy metal,metal,hard rock,glam metal",2026-06-04T22:21:41Z,9
0.0379,0.247,160093,false,0.00000748,0.457,151.197,rwinj,,0.874,You've Got My Number (Why Don't You Use It!),1979-10-09,-8.627,spotify:track:2erZfK4jHjgPfYSRZNMoqj,You've Got My Number (Why Don't You Use It!),29,0.223,1,The Undertones,0.751,BMG Rights Management (UK) Ltd.,4,"power pop,punk,proto-punk,new wave",2026-06-04T22:34:42Z,4
0.0374,0.000265,260433,false,0.00895,0.448,133.433,rwinj,,0.371,Hindsight 1980-1987,1987-11-01,-7.704,spotify:track:4K2obiFa8R14tMFYbHxP7M,Tear It All Away - 2002 Remastered,27,0.0643,1,The Church,0.732,EMI Recorded Music Australia Pty Ltd,4,"jangle pop,new wave,post-punk,neo-psychedelic,dream pop",2026-06-05T18:43:45Z,7
0.0413,0.000342,208573,false,0.00883,0.492,153.065,rwinj,,0.86,Sing-Songs // Remote Luxury // Persia,2001-11-06,-5.37,spotify:track:29prelKKU9c4PDxNe4sQ4L,Constant In Opal - 2001 Digital Remaster,27,0.0774,0,The Church,0.907,EMI Music Australia,4,"jangle pop,new wave,post-punk,neo-psychedelic,dream pop",2026-06-05T18:44:00Z,4
0.27,0.000138,277896,false,0.101,0.423,158.627,rwinj,,0.417,Seance,1983-05,-6.829,spotify:track:0HEhO8dMu5VndVhGmc9dNu,One Day - 2002 Digital Remaster,27,0.084,1,The Church,0.96,EMI Music Australia,4,"jangle pop,new wave,post-punk,neo-psychedelic,dream pop",2026-06-05T18:48:51Z,2
0.186,0,297786,true,0.0622,0.548,171.447,rwinj,,0.1,The Eminem Show,2002-05-26,-3.237,spotify:track:4xkOaSrkexMciUUogZKVTS,Till I Collapse,87,0.0816,1,Eminem;Nate Dogg,0.847,Eminem Catalog PS,4,"rap,hip hop,g-funk,west coast hip hop,old school hip hop",2026-06-05T22:16:55Z,1
0.0281,0.002,213946,false,0.116,0.625,129.559,rwinj,,0.788,Special Beat Service (Expanded) [2012 Remaster],1982-10-01,-11.091,spotify:track:7jQD3oqlzWzs2ZwKoeTvVX,Save It for Later - 2012 Remaster,61,0.396,1,The English Beat,0.696,Rhino,4,"ska,new wave",2026-06-08T17:02:13Z,2
0.0481,0.00000113,220920,false,0.146,0.484,125.414,rwinj,,0.486,(What's The Story) Morning Glory? (Deluxe Remastered Edition),1995-01-01,-3.506,spotify:track:60QLLec3yKDwloXCyummPy,She's Electric - Remastered,69,0.24,1,Oasis,0.905,Big Brother Recordings Ltd,4,"britpop,madchester",2026-06-07T15:41:34Z,9
0.0343,0,190653,false,0.00118,0.412,90.856,rwinj,,0.511,Stoneage Romeos,1984-07-16,-2.877,spotify:track:7gMETwfAij1yUKdWjx7Pon,I Want You Back - Remaster 2005,45,0.0782,1,Hoodoo Gurus,0.943,Universal Music Australia (Distribution),4,"surf rock,power pop,jangle pop",2026-06-07T17:23:51Z,2
0.0312,0.0368,214304,false,0.00111,0.685,136.008,rwinj,Rock/Alternative,0.873,Physical Thrills,2022-08-19,-6.945,spotify:track:5ZfHurrVjbHI9ZrtfgzK5x,Hereafter (Way After),30,0.0954,0,Silversun Pickups,0.863,New Machine Recordings,4,Rock/Alternative,2026-06-07T17:29:38Z,9
0.0329,0.00892,225173,false,0.00453,0.634,126.558,rwinj,,0.756,Scarecrow,1985-01-01,-3.988,spotify:track:0TBMx8wWJkwSEVSOJUn21e,Lonely Ol' Night,55,0.0397,1,John Mellencamp,0.886,John Mellencamp 2023 (Island),4,classic rock,2026-06-07T19:53:11Z,9
0.054,0.283,235546,false,0.00433,0.35,199.866,rwinj,,0.588,Angles,2011-03-21,-3.364,spotify:track:6u0x5ad9ewHvs3z6u9Oe3c,Under Cover of Darkness,73,0.0676,1,The Strokes,0.775,RCA Records Label,4,"garage rock,indie rock,alternative rock",2026-06-07T20:56:33Z,11
0.0478,0.707,260972,false,0.00342,0.391,122.486,rwinj,,0.612,Resurrection Joe,1984-12-14,-12.318,spotify:track:5En30JdLDDNbatT0hOfBQs,Resurrection Joe,19,0.359,1,The Cult,0.872,Beggars Banquet,4,"hard rock,glam metal,gothic rock",2026-06-08T17:13:00Z,9
0.0452,0.111,532906,false,0.017,0.219,60.245,rwinj,,0.407,The Luck and Strange Concerts,2025-10-17,-7.292,spotify:track:3c4qTWBG92uSqz8oCftVGl,Comfortably Numb - Live from the Luck and Strange Concerts,42,0.961,0,David Gilmour,0.698,Legacy Recordings,4,progressive rock,2026-06-08T17:20:29Z,11
0.0643,0.000144,215171,false,0.0000299,0.441,89.995,rwinj,,0.471,Why Me? Why Not. (Deluxe Edition),2019-09-20,-3.739,spotify:track:5Q7NEt1PcVuTBBMz8XmrNZ,Invisible Sun,36,0.181,1,Liam Gallagher,0.932,Warner Records,4,"britpop,madchester",2026-06-08T17:22:55Z,2
0.0336,0.00441,265000,false,0.0542,0.72,104.982,rwinj,,0.798,World Machine,1985-01-01,-12.707,spotify:track:77NwdlKUIMS3gvvJeO5KK1,Something About You,62,0.0953,0,Level 42,0.562,Polydor Records,4,synthpop,2026-06-08T17:34:15Z,6
0.0881,0.279,273480,true,0.0195,0.454,123.61,rwinj,,0.316,Appetite For Destruction,1987-07-21,-4.485,spotify:track:0G21yYKMZoHa30cYVi1iA8,Welcome To The Jungle,87,0.268,1,Guns N' Roses,0.987,Guns N Roses P&D,4,"rock,glam metal,hard rock,classic rock",2026-06-08T17:38:03Z,8
0.0364,0.000516,404333,false,0.000646,0.539,131.383,rwinj,,0.339,Metallica (Remastered),1991-08-12,-7.459,spotify:track:745sNpjWbAxo2MA2zSYbyD,Wherever I May Roam (Remastered),71,0.119,0,Metallica,0.834,Blackened Recordings,4,"metal,thrash metal,rock,heavy metal,hard rock",2026-06-08T17:50:08Z,9
0.0265,0.0000366,233270,false,0.00515,0.561,126.59,rwinj,Pop,0.635,Reckless (30th Anniversary / Deluxe Edition),1984-11-05,-6.157,spotify:track:2RWFncSWZEhSRRifqiDNVV,Run To You,79,0.287,1,Bryan Adams,0.811,A&M,4,Pop,2026-06-08T17:57:42Z,4
0.0284,0,225946,false,0.00573,0.521,108.031,rwinj,,0.543,Yourself or Someone Like You,1996-10-01,-8.685,spotify:track:5vYA1mW9g2Coh1HUFUSmlb,3AM,78,0.12,1,Matchbox Twenty,0.673,Lava/Atlantic,4,post-grunge,2026-06-08T18:02:58Z,8
0.0516,0.00305,232010,false,0.0107,0.569,126.996,rwinj,,0.437,Build And Destroy,2025-05-28,-4.976,spotify:track:37lctHJGpnrzHPluCe48S8,Build And Destroy,26,0.217,0,Styx,0.935,Styx 2025,4,"classic rock,aor,progressive rock",2026-06-08T18:17:08Z,9
0.136,0.00000175,200053,false,0.131,0.617,139.796,rwinj,Pop,0.371,GUSTO,2025-09-05,-6.169,spotify:track:4jgt5xF9YT7hIKyQ0QGkZA,DEMOLITION MAN,46,0.18,0,Boko Yout,0.686,Hoopdiggas Recordings,4,Pop,2026-06-08T18:26:48Z,8
0.0719,0.0512,197706,false,0.0323,0.402,106.229,rwinj,,0.575,Complete Rarities - I.R.S. 1982-1987,2014-01-01,-8.835,spotify:track:78LTHqdNyj0Rz7aCy6IhPz,We Walk - Live/Remastered,7,0.993,1,R.E.M.,0.666,CAPITOL CATALOG MKT (C92),4,"jangle pop,alternative rock,rock",2026-06-08T18:31:39Z,0
0.0333,0.0173,195146,false,0.102,0.583,128.181,rwinj,,0.696,Beggars Banquet (50th Anniversary Edition),1968-12-06,-7.213,spotify:track:7EXgO1bRnEArE58rtrgMWB,Street Fighting Man - 50th Anniversary Edition,58,0.262,1,The Rolling Stones,0.855,ABKCO Music & Records,4,"classic rock,rock",2026-06-08T18:53:05Z,0
0.0323,0.00062,255573,false,0.0206,0.527,117.454,rwinj,,0.721,Jar Of Flies,1994-01-01,-6.013,spotify:track:4PtZE0h5oyPhCtPjg3NeYQ,No Excuses,70,0.07,1,Alice In Chains,0.838,Columbia,4,"grunge,post-grunge",2026-06-08T18:56:35Z,3
0.0351,0.00000964,225560,false,0.0341,0.491,150.96,rwinj,,0.945,But The Little Girls Understand,1979-01-01,-4.451,spotify:track:1v64SrT0QJlpbrepnZOHPz,Baby Talks Dirty,31,0.0694,1,The Knack,0.909,Capitol Records,4,power pop,2026-06-08T19:01:04Z,0
0.0547,0.00574,368506,false,0.0283,0.298,173.737,rwinj,,0.544,Machine Head,1972-03-25,-7.647,spotify:track:4gVTozEmzwAUXpwj3jEetX,Highway Star,63,0.305,0,Deep Purple,0.895,Rhino/Warner Records,4,"hard rock,classic rock,rock",2026-06-08T20:44:07Z,9
0.0706,0.00266,216960,true,0.00749,0.241,154.133,rwinj,,0.199,Bug,1988-10-31,-3.519,spotify:track:7FIhuHZUdUxWX2hDMGdIbF,Freak Scene,50,0.327,1,Dinosaur Jr.,0.94,Baked Goods,4,"noise rock,grunge,alternative rock,power pop",2026-06-08T20:46:36Z,9
0.0488,0.0000663,137800,false,0.00108,0.374,177.138,rwinj,,0.918,In The City,1977-05-20,-9.133,spotify:track:250dZY8xYbhHGQpM6bgL52,In The City,53,0.336,1,The Jam,0.817,Polydor Records,4,"punk,new wave,britpop,power pop",2026-06-08T20:53:30Z,7
0.0632,0.00159,269000,false,0.00000707,0.0822,204.717,rwinj,,0.335,Asking For A Friend,2025-10-23,-2.551,spotify:track:6H8kmcBIUymcI1byu6QCRp,Asking For A Friend,54,0.0914,0,Foo Fighters,0.895,RCA Records Label,3,"rock,post-grunge,alternative rock,grunge",2026-06-08T20:53:50Z,2
0.0688,0.000003,176453,false,0.0000088,0.3,146.803,rwinj,,0.241,Your Favorite Toy,2026-04-24,-2.216,spotify:track:0L9RHQ6I91En6Ic1ILQAEF,Your Favorite Toy,61,0.196,1,Foo Fighters,0.92,RCA Records Label,4,"rock,post-grunge,alternative rock,grunge",2026-06-08T21:02:14Z,11
0.0507,0.588,330680,false,0.00267,0.687,127.872,rwinj,,0.462,Substance,1987-08-17,-13.023,spotify:track:1VZFmtsZuuqm0EV6KQihE8,Everythings Gone Green,45,0.0619,1,New Order,0.916,Rhino,4,"new wave,synthpop,post-punk,madchester",2026-06-08T21:06:53Z,7
0.0418,0.0143,233562,false,0.000748,0.603,107.018,rwinj,,0.205,As Alive As You Need Me To Be,2025-07-17,-4.513,spotify:track:1xsEHo7mtGZLEG94vFX11z,As Alive As You Need Me To Be,55,0.622,0,Nine Inch Nails,0.905,The Null Corporation/Interscope Records,4,"industrial rock,industrial,industrial metal,alternative metal,nu metal",2026-06-08T21:10:54Z,4
0.0356,0.00502,229333,false,0.196,0.546,128.131,rwinj,,0.427,Duke,1980-03-28,-10.143,spotify:track:5KXTDunEgNVBnuSBDzsm6x,Turn It on Again,56,0.0486,0,Genesis,0.813,Rhino Atlantic,4,"progressive rock,art rock",2026-06-08T21:11:15Z,4
0.0362,0.858,264146,false,0.0000331,0.398,125.047,rwinj,,0.96,Movement,1981-01-13,-8.958,spotify:track:3rY5wJIHBqTuoOaXGOxA7N,Denial - 2015 Remaster,31,0.0941,1,New Order,0.864,Rhino,4,"new wave,synthpop,post-punk,madchester",2026-06-08T21:23:10Z,0
0.0393,0.00211,207266,false,0.0916,0.575,117.399,rwinj,,0.843,The Captain and Me,1973-01-01,-7.275,spotify:track:4nXkbcTj3nyww1cHkw5RAP,Long Train Runnin',79,0.0562,0,The Doobie Brothers,0.912,Warner Records,4,"yacht rock,classic rock,soft rock,southern rock",2026-06-08T21:32:57Z,7
0.0395,0,189173,false,0.0327,0.403,176.385,rwinj,,0.916,Get The Knack,1979-01-01,-9.841,spotify:track:426i8hiYTwwlImNaluBb9C,Good Girls Don't,44,0.159,1,The Knack,0.72,Capitol Records,4,power pop,2026-06-08T21:48:03Z,2
0.313,0.0171,168920,false,0.504,0.461,94.372,rwinj,,0.454,Axis: Bold As Love,1967-12-01,-9.159,spotify:track:3qebSLgUwaEqbwCM5sj5Kh,Castles Made of Sand,62,0.684,0,Jimi Hendrix,0.714,Legacy Recordings,4,"psychedelic rock,classic rock,acid rock,blues rock",2026-06-08T21:53:36Z,11
0.0283,0.000295,274893,false,0.000117,0.5,104.666,rwinj,,0.474,Mudcrutch,2008-03-25,-6.627,spotify:track:7eq6lgiPU8Rx1c1OmuoB7N,Scare Easy,48,0.187,1,Mudcrutch,0.612,Reprise,4,"southern rock,country rock",2026-06-08T21:58:50Z,7
0.096,0,267306,false,0.00211,0.267,84.989,rwinj,,0.568,Hysteria,1987-08-03,-4.899,spotify:track:1aZLIbKEdsyqxyD6iNcrbA,Pour Some Sugar On Me,71,0.283,0,Def Leppard,0.953,UMC (Universal Music Catalogue),4,"glam metal,glam rock,classic rock",2026-06-08T22:06:28Z,1
0.0708,0,160533,false,0.00407,0.316,145.559,rwinj,,0.723,Kick Out The Jams (Live),1969-01-01,-3.491,spotify:track:1cLfXnBwTFuRngRZfQeLof,Kick Out the Jams,44,0.37,1,MC5,0.921,Rhino,4,"proto-punk,garage rock,punk",2026-06-08T22:11:01Z,2
0.0305,0.109,234813,false,0.00569,0.428,176.872,rwinj,,0.662,Don't Be a Stranger,2016-10-07,-7.102,spotify:track:1wDeS9h6SPylMiuS0NEQRT,Black Shoe,39,0.303,1,The Moondoggies,0.53,Hardly Art,4,alt country,2026-06-08T23:00:52Z,4
0.0367,0.00209,246013,false,0.159,0.709,113.186,rwinj,,0.864,Running In The Family,1987-01-01,-8.403,spotify:track:3EGI5qmVmGlfgy9BmNb1R8,Lessons In Love,70,0.301,1,Level 42,0.839,UMC (Universal Music Catalogue),4,synthpop,2026-06-08T23:06:33Z,7
0.0548,0.000157,237807,false,0.0772,0.752,106.995,rwinj,,0.643,Comfort Eagle,2001-07-24,-11.871,spotify:track:5jhfa76FhqtD3Boij6MAKS,Love You Madly,61,0.186,1,CAKE,0.7,Columbia,4,alternative rock,2026-06-08T23:13:25Z,9
0.048,0.000957,343413,false,0.352,0.617,136.383,rwinj,Rock/Alternative,0.946,Café Bleu (Special Edition),2026-01-30,-5.954,spotify:track:60podJZH1yhpuaTN00So3L,My Ever Changing Moods - Long Version,25,0.23,1,The Style Council,0.904,UMC (Universal Music Catalogue),4,Rock/Alternative,2026-06-08T23:18:26Z,11
0.0378,0.57,193413,false,0.0114,0.494,79.838,rwinj,,0.529,Youth of America,1981-05-17,-3.531,spotify:track:1tXWhp84NvHXL1fa0OeBB7,Pushing the Extreme,22,0.195,1,Wipers,0.888,Zenorecords,4,"post-punk,noise rock,proto-punk,punk",2026-06-08T23:37:26Z,7
0.0503,0.016,238520,false,0.0000418,0.319,185.996,rwinj,Rock/Alternative,0.843,Love at the End of the World,2008-01-01,-5.069,spotify:track:4xYfSXfTJNmOo4D0CHsiI7,Them Kids,30,0.102,1,Sam Roberts Band,0.957,Rounder Records,4,Rock/Alternative,2026-06-08T23:52:11Z,0
0.0943,0.0186,215375,false,0.22,0.706,150.033,rwinj,Electronic,0.453,Switch Up,2026-05-08,-9.758,spotify:track:1FHSvpvNWmJcpDcmsxrtbH,Switch Up,50,0.148,1,Mike D,0.734,Capitol Records,4,Electronic,2026-06-09T15:41:23Z,2
0.0274,0.535,268440,false,0.000485,0.598,100.015,rwinj,Pop,0.599,Tenterhooks,2026-02-06,-4.783,spotify:track:0S4Zp4FADBlaPBBZPC95iw,Thorns and All,35,0.124,0,Silversun Pickups,0.859,New Machine Recordings,4,Pop,2026-06-09T16:07:05Z,9
0.0387,0.241,256466,false,0.194,0.59,145.971,rwinj,,0.856,The Hurting,1983-03-07,-5.677,spotify:track:0CpBiDWgrVau4bGJbkQ73R,The Hurting,46,0.123,1,Tears For Fears,0.882,EMI,4,"new wave,synthpop",2026-06-09T16:19:20Z,6
0.0611,0.335,244480,false,0.00586,0.591,126.764,rwinj,,0.964,Empires And Dance,1980-09-01,-7.902,spotify:track:1PekyTIRFked9Lah17jQF6,I Travel - Remastered 2002,40,0.18,1,Simple Minds,0.955,Virgin Records,4,new wave,2026-06-09T16:23:00Z,0
0.033,0.000138,159204,false,0.199,0.623,112.046,rwinj,,0.446,Tommy,1969-05-23,-9.003,spotify:track:7tbp39GZvDA0cItgHynVnG,I'm Free,45,0.283,1,The Who,0.729,UMC (Universal Music Catalogue),4,"classic rock,rock",2026-06-09T16:36:29Z,2
0.0299,0.00008,201866,false,0.0708,0.747,164.718,rwinj,Pop/Dance,0.893,The Raw & The Cooked,1988-01-01,-10.119,spotify:track:6lRkdG1HurVS72F9GoBeWJ,Good Thing,67,0.0427,0,Fine Young Cannibals,0.586,London Records (Because Ltd),4,Pop/Dance,2026-06-09T16:56:21Z,9
0.0676,0.00405,590866,false,0.281,0.204,171.514,rwinj,Rock/Alternative,0.392,Bat Out Of Hell,1977-10-21,-7.618,spotify:track:3mCeeoBvTTpg8Xy2Wuvirw,Bat Out of Hell,61,0.291,1,Meat Loaf,0.837,Cleveland International/ Epic/Legacy,4,Rock/Alternative,2026-06-09T17:00:18Z,5
0.0583,0.00272,340600,false,0.0108,0.695,121.433,rwinj,,0.932,Club Epic - A Collection Of Classic Dance Mixes - Volume 5,1996-04-02,-10.101,spotify:track:0OCoPwxoxtmhwTzUCpilQc,Der Kommissar,46,0.0808,0,After The Fire,0.641,Epic,4,new wave,2026-06-09T18:07:21Z,11
0.0344,0.627,310893,false,0.00744,0.401,127.193,rwinj,,0.734,Funeral,2004-06-16,-5.682,spotify:track:0xOeB16JDbBJBJKSdHbElT,Rebellion (Lies),63,0.318,1,Arcade Fire,0.933,Sony Music CG,4,"indie rock,baroque pop",2026-06-09T18:16:54Z,8
0.04,0.000104,164706,false,0.449,0.596,107.573,rwinj,,0.745,Goodbye,1969-03-01,-14.254,spotify:track:08xsXR637CEqbxJmpFcuSA,Badge,57,0.0839,0,Cream,0.575,Polydor Records,4,"classic rock,psychedelic rock,acid rock,blues rock",2026-06-09T18:37:11Z,4
0.106,0.0357,259696,false,0.0372,0.486,167.806,rwinj,,0.521,Reconciled & Into The Woods (Deluxe Double Album) [Remastered],2024-05-03,-5.832,spotify:track:04U9cZB4ISjuHir0uuTCgp,Everywhere I Go - Remastered,36,0.125,1,The Call;Peter Gabriel;Jim Kerr,0.909,"The Call Band Partnership LLC, under license to Triple Pop",4,"new wave,art rock",2026-06-09T18:42:12Z,0
0.044,0.0143,272506,false,0.00125,0.736,110.014,rwinj,Pop/Dance,0.787,Elegantly Wasted (Remastered),1997-01-01,-3.98,spotify:track:1RHMpZW3K13jPLk5gKPBa9,Elegantly Wasted,55,0.0796,1,INXS,0.778,Universal Music Australia Pty. Ltd.,4,Pop/Dance,2026-06-09T18:59:31Z,5
0.0976,0.0262,222093,false,0.00624,0.657,174.698,rwinj,,0.355,Three Imaginary Boys (Deluxe Edition),1979-05-11,-10.437,spotify:track:0l7djXY6dukQGO9qzWadiz,10:15 Saturday Night - 2005 Remaster,46,0.156,1,The Cure,0.437,Rhino/Elektra,4,"new wave,post-punk,gothic rock,darkwave",2026-06-09T21:27:08Z,0
0.0491,0.000416,382733,true,0.498,0.644,155.341,rwinj,,0.53,Who Are You (Super Deluxe Edition),2025-10-31,-10.599,spotify:track:4XTjaXaGmPh8ys1BzFdjdL,Who Are You,55,0.0451,1,The Who,0.677,UMC (Universal Music Catalogue),4,"classic rock,rock",2026-06-09T21:30:49Z,9
0.0607,0.0259,219000,false,0.0000233,0.349,148.521,rwinj,,0.417,Beyond Good and Evil,2001-01-01,-3.44,spotify:track:1TbihmZ2BtE4JP6C85I0zZ,Rise,50,0.0365,1,The Cult,0.92,Lava/Atlantic,4,"hard rock,glam metal,gothic rock",2026-06-09T21:33:29Z,7
0.0519,0.801,522653,true,0.00366,0.294,126.717,rwinj,,0.0373,Siamese Dream (Deluxe Edition),1993-01-01,-11.808,spotify:track:6qzPIHZ3iujtOYjNkA5CL3,Silverfuck - 2011 Remaster,48,0.084,1,The Smashing Pumpkins,0.46,Virgin Records,4,"alternative rock,rock",2026-06-09T21:45:41Z,2
0.0492,0.209,295960,false,0.135,0.682,130.033,rwinj,,0.356,Violator (Deluxe),1990-03-19,-7.595,spotify:track:2wUlYDGGXlSvm2NkGj0Qio,Personal Jesus,70,0.0979,1,Depeche Mode,0.742,Venusnote Ltd.,4,"new wave,synthpop,darkwave",2026-06-09T21:55:53Z,11
0.0382,0.245,189933,false,0.00359,0.568,133.094,rwinj,Rock/Alternative,0.577,Listen Like Thieves,1985-10-14,-7.441,spotify:track:4EsEfzagJPOdu15YRmptIi,This Time,41,0.0972,1,INXS,0.896,Rhino Atlantic,4,Rock/Alternative,2026-06-09T22:25:13Z,7
0.034,0.909,106945,false,0.0647,0.624,111.401,rwinj,,0.0388,Eye In The Sky,1982-06-01,-15.411,spotify:track:0hSs4vOZo1OkRiAOoLafrT,Sirius,72,0.113,1,The Alan Parsons Project,0.396,Arista/Legacy,4,"progressive rock,classic rock",2026-06-09T22:54:05Z,4
0.0862,0.012,234800,false,0.000401,0.291,175.702,rwinj,,0.359,The Bends,1995-03-13,-6.913,spotify:track:1dyTcli07c77mtQK3ahUZR,Just,76,0.0763,0,Radiohead,0.767,XL Recordings,4,"art rock,alternative rock",2026-06-09T23:00:13Z,7
0.0528,0.0236,258066,false,0.00411,0.333,131.501,rwinj,,0.839,Without a Sound,1994-08-23,-6.653,spotify:track:6xUMt58RCX98m7g0KcMwAS,Feel the Pain,62,0.0494,1,Dinosaur Jr.,0.85,Cherry Red Records,4,"noise rock,grunge,alternative rock,power pop",2026-06-09T23:03:44Z,0
0.0407,0.00186,275493,false,0.00942,0.344,96.95,rwinj,,0.601,Maverick,1985-01-01,-11.731,spotify:track:2nIDPfhjHZP8UOXPenLZUC,I Drink Alone,61,0.0984,1,George Thorogood & The Destroyers,0.796,Capitol Records,4,"classic rock,blues rock,southern rock",2026-06-09T23:07:39Z,9
0.0507,0.00000482,319880,false,0.29,0.522,159.644,rwinj,,0.851,Don't Disturb This Groove,2024-03-09,-8.603,spotify:track:151gAhQR76u8cbx3TriI65,Don't Disturb This Groove,54,0.106,1,The System,0.871,Science Lab Records,4,"post-disco,new jack swing",2026-06-09T23:12:04Z,9
0.0545,0.000117,164653,false,0.365,0.651,164.912,rwinj,,0.729,Empty Glass,1980-04-21,-9.731,spotify:track:0otlwsD3mSogk7VJCTp6Kg,Let My Love Open The Door,64,0.0742,1,Pete Townshend,0.653,UMC (Universal Music Catalogue),4,art rock,2026-06-09T23:17:27Z,0
0.0434,0,255266,false,0.228,0.532,169.275,rwinj,,0.67,What Were Once Vices Are Now Habits,1974-01-01,-12.866,spotify:track:4p8QcNkaq2FQj8uGJ7HEDK,Black Water,69,0.0846,1,The Doobie Brothers,0.441,Warner Records,4,"yacht rock,classic rock,soft rock,southern rock",2026-06-09T23:25:40Z,2
0.072,0.001,201133,false,0.000893,0.658,111.057,rwinj,Pop,0.79,Portal,2025-08-29,-6.09,spotify:track:2SGyf0hCuB81F85cHXuRjl,So Cold,78,0.0767,0,Balu Brigada,0.771,WM Australia,4,Pop,2026-06-09T23:27:03Z,10
0.0271,0.000328,283026,false,0.00152,0.574,101.069,rwinj,,0.514,Superunknown (20th Anniversary),1994-03-09,-5.745,spotify:track:21HWc9gFZKNdkGzGqHLq3A,Fell On Black Days,74,0.141,0,Soundgarden,0.739,A&M,3,"grunge,post-grunge,hard rock",2026-06-09T23:31:48Z,4
0.0344,0.00246,367106,false,0.000591,0.411,84.528,rwinj,,0.345,Get A Grip,1993-01-01,-4.885,spotify:track:3Kv9uUVgt598jYAK79fPQb,Livin' On The Edge,51,0.468,1,Aerosmith,0.881,Aerosmith P&D - Geffen,4,"classic rock,rock",2026-06-10T00:02:57Z,2
0.0409,0.000754,194258,false,0.0545,0.507,155.589,rwinj,,0.963,Radio Free Europe,1981-07-08,-8.513,spotify:track:0GF23i14GwGKo92PJKlqp8,Sitting Still,19,0.115,1,R.E.M.,0.879,Craft Recordings,4,"jangle pop,alternative rock,rock",2026-06-10T00:03:05Z,4
0.0292,0,212066,false,0.0168,0.552,110.906,rwinj,,0.783,Workbook,1989-01-01,-9.106,spotify:track:7LdKMBKthcdBnAqlAIGqCB,See A Little Light,40,0.0701,1,Bob Mould,0.774,Virgin Catalogue,4,power pop,2026-06-10T00:03:08Z,2
0.034,0.441,416186,false,0.00166,0.294,165.933,rwinj,,0.113,Siamese Dream (2011 - Remaster),1993-01-01,-9.836,spotify:track:7jySCb55R5VWOusbL7b559,Hummer - 2011 Remaster,41,0.37,1,The Smashing Pumpkins,0.544,Virgin Records,4,"alternative rock,rock",2026-06-10T02:52:19Z,2
0.0624,0.0108,250059,false,0.00335,0.362,124.943,rwinj,,0.126,"Acquiesce (Live from Wembley Stadium, 28 September ’25)",2026-03-05,-5.142,spotify:track:7sMkJj7BV3YZHsPYr7r6Fz,"Acquiesce - Live from Wembley Stadium, 28 September ’25",51,0.949,1,Oasis;War Child Records,0.917,War Child Records,4,"britpop,madchester",2026-06-10T02:58:29Z,0
0.0331,0.0000535,217653,false,0.00169,0.557,121.388,rwinj,,0.816,Blood and Roses,2025-02-24,-8.852,spotify:track:1aP2zAJsbXWrP4YLqoYPDS,Blood and Roses,38,0.0794,1,The Smithereens,0.803,Smithereens Enterprises Inc.,4,"power pop,jangle pop,new wave",2026-06-10T03:02:59Z,6
0.124,0.0145,261040,false,0.000458,0.158,178.307,rwinj,,0.388,Badmotorfinger (25th Anniversary Remaster),1991-10-08,-6.066,spotify:track:4t7NZcgdC30fH75Noqyy7I,Somewhere - Remastered 2016,44,0.487,1,Soundgarden,0.915,A&M,4,"grunge,post-grunge,hard rock",2026-06-10T03:05:55Z,9
0.0299,0.00000358,382080,false,0.0906,0.356,137.221,rwinj,,0.358,On Earth As It Is: The Complete Works,2016-11-04,-7.116,spotify:track:68MTteXyfgMhRXlj0ANY65,Crown Of Thorns,45,0.0747,0,Mother Love Bone,0.588,Stardog/Republic,4,"grunge,post-grunge,funk rock",2026-06-10T03:20:31Z,4
0.0566,0.669,262063,false,0.003,0.358,121.308,rwinj,,0.414,We Outlast Them All,2026-02-25,-6.861,spotify:track:10EZYGDxRLv1odrwJYrnla,We Outlast Them All,26,0.335,1,Guided By Voices,0.854,GBV Inc,4,"power pop,lo-fi indie,anti-folk,indie rock,indie",2026-06-10T16:23:09Z,2
0.025,0.0461,270651,false,0.0507,0.653,128.503,rwinj,,0.755,Avalon,1982-05-01,-7.806,spotify:track:6N7gPTru90HYLRUIVDQ185,More Than This,73,0.139,1,Roxy Music,0.665,EG Records,4,"glam rock,art rock",2026-06-10T16:33:32Z,6
0.0275,0.0000173,260936,true,0.0042,0.51,166.99,rwinj,,0.612,American Idiot (20th Anniversary Deluxe Edition),2024-10-25,-8.079,spotify:track:0U87auHx1iZTEFcq9KVdmO,Boulevard of Broken Dreams,84,0.0417,1,Green Day,0.578,Reprise,4,"punk,pop punk",2026-06-10T17:19:18Z,8
0.0819,0,231693,false,0.0456,0.479,156.12,rwinj,,0.653,Talk Show,1984-01-01,-7.939,spotify:track:4y8RO3ws5u1eEdqHM1z5QP,Turn To You,38,0.317,1,The Go-Go's,0.894,A&M,4,new wave,2026-06-10T17:23:37Z,2
0.0416,0.00000436,281453,false,0.209,0.347,85.362,rwinj,,0.672,Don't Say No (Remastered 2010),1981-01-01,-4.923,spotify:track:28eg5bkYvIHT7HPmzZFwLN,Lonely Is The Night - Remastered 2010,71,0.116,1,Billy Squier,0.803,Capitol Records,4,"classic rock,aor",2026-06-10T17:33:32Z,9
0.0296,0.0319,239937,false,0.000961,0.721,117.52,rwinj,Pop/Dance,0.965,A Thing Called Divine Fits,2012-08-28,-7.298,spotify:track:5dxNgHm4D5CDJT8AaHcb6A,Would That Not Be Nice,37,0.0932,1,Divine Fits,0.668,Merge Records,4,Pop/Dance,2026-06-10T17:41:45Z,9
0.0461,0,271266,false,0.11,0.799,131.012,rwinj,,0.893,Paradise Theatre,1981-01-01,-13.597,spotify:track:4hWUOIDHda9XOb1zDchftP,Too Much Time On My Hands,64,0.387,0,Styx,0.404,A&M,4,"classic rock,aor,progressive rock",2026-06-10T17:43:50Z,11
0.0611,0.00632,337226,false,0.00474,0.415,125.961,rwinj,,0.796,A Biography,1978-01-01,-5.425,spotify:track:47lkghP0AjBkqOGzbxC2Mt,I Need A Lover,56,0.368,1,John Mellencamp,0.851,John Mellencamp 2023 (Republic),4,classic rock,2026-06-10T17:51:03Z,6
0.0825,0.00000698,391586,false,0.0531,0.352,90.66,rwinj,,0.338,Allied Forces,1981-09-19,-4.46,spotify:track:27Bj3kIl4HARQ4H5OcoyF1,Fight The Good Fight,50,0.119,0,Triumph,0.92,Craft Recordings,4,"aor,glam metal,arena rock,classic rock",2026-06-10T17:55:46Z,2
0.0339,0.0000273,199560,false,0.0896,0.581,146.159,rwinj,,0.916,Toulouse Street,1972-01-01,-6.928,spotify:track:565hWcHxsYRepQVtIRNYFK,Rockin' Down the Highway,51,0.183,1,The Doobie Brothers,0.834,Warner Records,4,"yacht rock,classic rock,soft rock,southern rock",2026-06-10T18:13:59Z,2
0.037,0.0011,283693,false,0.0074,0.602,115.094,rwinj,,0.456,"Girls, Girls, Girls (Deluxe Version)",1987-05-15,-5.613,spotify:track:7zVpUAOuXY7pHHSm21jFEq,Wild Side,73,0.303,1,Mötley Crüe,0.874,BMG Rights Management (US) LLC,4,"glam metal,glam rock,hard rock",2026-06-10T18:21:16Z,0
0.0362,0.00000191,192493,false,0.0159,0.308,179.476,rwinj,,0.653,Who’s Next : Life House (Super Deluxe),2023-09-15,-8.213,spotify:track:788cNfvhhitTb5T8GORmqj,The Seeker - Original Single A-Side Mix,61,0.134,1,The Who,0.746,UMC (Universal Music Catalogue),4,"classic rock,rock",2026-06-10T18:24:22Z,2
0.0517,0.0000378,228146,false,0.105,0.529,131.847,rwinj,,0.965,Absolute Hits,2005-03-29,-6.116,spotify:track:2Z9B8sd6HgEfCWqvOfhFD0,Everybody Wants You,58,0.0757,1,Billy Squier,0.906,Capitol Records,4,"classic rock,aor",2026-06-10T18:25:42Z,7
0.037,0.823,159172,false,0.00532,0.606,130.12,rwinj,,0.773,Cosmo's Factory,1970-07-24,-5.736,spotify:track:56dtB7EzO7EneUgYwX8krC,Up Around The Bend,73,0.245,1,Creedence Clearwater Revival,0.908,Craft Recordings.,4,"classic rock,southern rock,country rock",2026-06-10T18:25:55Z,2
0.0524,0.000345,280431,false,0.0165,0.419,122.077,rwinj,,0.719,Rocks,1976-05-14,-6.24,spotify:track:3WPYapjyqcVpShYXQuChcs,Back In the Saddle,60,0.0786,1,Aerosmith,0.958,Aerosmith P&D - Sony,4,"classic rock,rock",2026-06-10T18:28:09Z,8
0.0371,0.00219,226226,false,0.0261,0.574,122.988,rwinj,,0.611,Scarecrow,1985-01-01,-3.813,spotify:track:24iUpyUeGv6AoikfxpRofO,Rain On The Scarecrow,56,0.209,0,John Mellencamp,0.91,John Mellencamp 2023 (Island),4,classic rock,2026-06-10T18:39:06Z,6
0.0514,0.634,247962,false,0.000327,0.602,123.679,rwinj,,0.617,Pyromania,1983-01-20,-6.606,spotify:track:18URo35acNKRTHfEdjTcGn,Photograph,75,0.0551,1,Def Leppard,0.877,UMC (Universal Music Catalogue),4,"glam metal,glam rock,classic rock",2026-06-10T18:48:09Z,4
0.0522,0,297266,false,0.0987,0.472,127.36,rwinj,,0.673,Signs Of Life,1984-01-01,-5.061,spotify:track:12c1PXyghlSuNVO9GZi0DH,Rock Me Tonite,56,0.239,0,Billy Squier,0.724,Capitol Records,4,"classic rock,aor",2026-06-10T19:37:01Z,9
0.0404,0.00631,247840,false,0.00327,0.485,135.972,rwinj,,0.742,Shout At The Devil,1983-09-26,-5.79,spotify:track:1Cznl5CD5aaEYMfJq1l9Hd,Looks That Kill,70,0.115,1,Mötley Crüe,0.949,BMG Rights Management (US) LLC,4,"glam metal,glam rock,hard rock",2026-06-10T19:42:11Z,0
0.0747,0.0879,318231,false,0.000239,0.457,141.038,rwinj,,0.48,Back In Black,1980-07-25,-5.303,spotify:track:0C80GCp0mMuBzLf3EAXqxv,Shoot to Thrill,80,0.396,1,AC/DC,0.904,Columbia,4,"rock,hard rock,classic rock,rock and roll",2026-06-10T21:53:48Z,2
0.3,0.00218,282653,false,0.00123,0.363,179.23,rwinj,,0.275,Dr. Feelgood,1989-09-02,-3.621,spotify:track:4Yqy0GpeDEXLibWJCZyQew,Kickstart My Heart,84,0.284,0,Mötley Crüe,0.982,BMG Rights Management (US) LLC,4,"glam metal,glam rock,hard rock",2026-06-10T22:54:11Z,7
0.0595,0.000459,298400,false,0.095,0.529,81.52,rwinj,,0.712,Emotions In Motion,1982-01-01,-5.729,spotify:track:6wWps1wyZVFb2tjIc2gWGW,Emotions In Motion,47,0.0484,1,Billy Squier,0.696,Capitol Records,4,"classic rock,aor",2026-06-10T23:16:13Z,2
0.037,0.000475,188533,false,0.0104,0.486,151.869,rwinj,,0.652,No Control,1983-01-01,-10.815,spotify:track:6mJQe0vTIojlxwyMwwy6YR,Think I'm In Love,59,0.0635,1,Eddie Money,0.83,Columbia,4,classic rock,2026-06-10T23:23:32Z,3
0.0413,0.00000778,228066,false,0.0657,0.574,92.303,rwinj,,0.69,Flesh & Blood,1990-01-01,-2.949,spotify:track:1Z6lKdYhwp8WYoBqGCKxlM,Unskinny Bop,64,0.108,1,Poison,0.93,Capitol Records,4,"glam metal,glam rock",2026-06-11T00:01:19Z,1
0.0349,0.762,306005,false,0.00306,0.696,121.475,rwinj,,0.385,Powerage,1978-05-05,-5.442,spotify:track:69MwNXryg6NT1lV7buN7U7,Gone Shootin',55,0.115,1,AC/DC,0.593,Columbia,4,"rock,hard rock,classic rock,rock and roll",2026-06-11T00:26:02Z,11
0.027,0.0000945,398193,false,0.000975,0.615,100.453,rwinj,,0.158,Randy,2016-09-13,-5.343,spotify:track:1SxC0lHZ0OyEV4lvh5v9tm,Randy,15,0.282,1,Justice,0.668,Genesis,4,"french house,new rave",2026-06-11T16:58:11Z,2
0.0584,0.034,270213,false,0.00183,0.372,120.66,rwinj,,0.734,Vol. 4 (2021 Remaster),1972-09-25,-9.418,spotify:track:1i6AoL8Za376DHb38lo9AR,Supernaut - 2020 Remaster,46,0.0411,0,Black Sabbath,0.851,Rhino/Warner Records,4,"metal,heavy metal,rock,stoner rock,doom metal,hard rock",2026-06-11T17:10:03Z,11
0.0442,0.0831,459023,false,0.000369,0.412,118.909,rwinj,,0.334,Made in Japan (Steven Wilson Remix) [Live],1972-12-08,-10.983,spotify:track:4ZzelsfJt6AoLqScqfZycW,"Smoke on the Water (Live in Osaka, Japan, 8/15/1972) - Steven Wilson Remix",14,0.215,1,Deep Purple;Steven Wilson,0.538,Rhino/Warner Records,4,"hard rock,classic rock,rock,progressive rock,progressive metal,art rock",2026-06-11T17:37:04Z,5
0.0509,0.0000429,205308,false,0.0213,0.643,115.005,rwinj,,0.638,Dracula,2025-09-24,-3.495,spotify:track:5adNBXEoLla10lGJcGzRIL,Dracula,61,0.317,0,Tame Impala,0.751,Columbia,4,"neo-psychedelic,indie",2026-06-11T18:01:33Z,3
0.0382,0.29,286680,false,0.00584,0.16,169.617,rwinj,,0.301,Boy (Remastered),1980-10-20,-8.409,spotify:track:2dIy0beOgV3XLuPLTbYeiB,The Electric Co. - Remastered 2008,32,0.266,1,U2,0.754,Universal-Island Records Ltd.,4,rock,2026-06-11T18:09:58Z,6
0.0525,0.0000978,254716,false,0.0665,0.474,104.942,rwinj,,0.382,Greatest Hits (2024 Remaster),1988-11-29,-6.981,spotify:track:5i36c6C2XRw8U71yWgcoTn,Wheel in the Sky (2024 Remaster),53,0.141,0,Journey,0.74,Columbia/Legacy,4,"aor,classic rock",2026-06-11T18:21:39Z,2
0.0417,0.0352,282205,false,0.0578,0.329,162.279,rwinj,Pop,0.225,When We Were Friends,2019-01-27,-9.973,spotify:track:1170VohRSx6GwE6QDCHPPH,Kilby Girl,81,0.113,1,The Backseat Lovers,0.444,The Backseat Lovers,4,Pop,2026-06-11T18:47:04Z,1
0.0284,0,260333,false,0.00385,0.53,148.095,rwinj,,0.374,Away From The Sun,2002-11-12,-5.611,spotify:track:3WbphvawbMZ8FyqDxYGdSQ,When I'm Gone,80,0.103,1,3 Doors Down,0.768,Universal Records,4,post-grunge,2026-06-11T18:54:50Z,7
0.0362,0.855,244373,false,0.000552,0.611,166.13,rwinj,,0.59,The Early Years,2006-09-25,-7.16,spotify:track:6kkEikVsdv0ExJMSJgBMFN,So Far Gone,7,0.184,1,The Early Years,0.866,Beggars Banquet,4,"krautrock,space rock",2026-06-11T19:16:27Z,2
0.0365,0.0146,397448,false,0.00217,0.548,121.931,rwinj,,0.854,Sunburned in London,2026-02-02,-6.098,spotify:track:3yl2nZ7PzggmJ0QOqA8OZT,Sunburned in London,39,0.219,1,Rolling Blackouts Coastal Fever,0.889,I OH YOU/Mushroom Music,4,jangle pop,2026-06-11T21:03:49Z,2
0.038,0.0000736,271240,false,0.214,0.768,128.373,rwinj,,0.867,Dynasty,1979-03-23,-6.215,spotify:track:07q0QVgO56EorrSGHC48y3,I Was Made For Lovin' You,88,0.0723,1,KISS,0.852,Casablanca Records,4,"glam rock,glam metal,hard rock,rock,classic rock",2026-06-11T21:57:42Z,4
0.0266,0.373,423973,false,0.00000877,0.416,95.455,rwinj,,0.232,Superunknown (20th Anniversary),1994-03-09,-6.342,spotify:track:0vdnSGPeqDln5UHIcYYfS3,Like Suicide,47,0.182,1,Soundgarden,0.566,A&M,4,"grunge,post-grunge,hard rock",2026-06-11T23:02:11Z,7
0.0424,0.00000172,313946,false,0.00671,0.426,144.472,rwinj,,0.466,Core (Super Deluxe Edition),1992-09-29,-5.279,spotify:track:0CkspLl535ZxdwCRs8AdZ4,Plush - 2017 Remaster,75,0.14,0,Stone Temple Pilots,0.94,Rhino Atlantic,4,"grunge,alternative rock,post-grunge,rock",2026-06-11T23:06:21Z,7
0.0319,0.862,319970,false,0.0133,0.47,111.143,rwinj,Instrumental,0.132,Thirteen Tales From Urban Bohemia,2000-01-01,-8.498,spotify:track:4vJRdgiKKzF36ZqUH0ha6A,Godless,49,0.177,1,The Dandy Warhols,0.703,[PIAS] Recordings Catalogue,4,Instrumental,2026-06-13T17:23:10Z,7
0.0295,0.00644,256253,false,0.0769,0.394,207.575,rwinj,,0.737,No. 4,1999-01-01,-6.619,spotify:track:6wNwHBUjsessjRioNVFbaO,Sour Girl,63,0.239,1,Stone Temple Pilots,0.663,Atlantic Records,4,"grunge,alternative rock,post-grunge,rock",2026-06-11T23:34:12Z,0
0.0354,0.0000173,234640,false,0.263,0.747,112.395,rwinj,,0.913,Purple (Super Deluxe Edition) [2019 Remaster],2019-10-18,-9.296,spotify:track:39wwDk4Q6o4EHGqle5sf7d,Dancing Days - 2019 Remaster,49,0.0863,1,Stone Temple Pilots,0.532,Rhino Atlantic,4,"grunge,alternative rock,post-grunge,rock",2026-06-12T15:49:13Z,5
0.0617,0.0176,219573,false,0.0000194,0.429,122.881,rwinj,,0.579,Thank You,2003-11-10,-2.962,spotify:track:17Nk1aji6gd26vabky7fMi,All in the Suit That You Wear,45,0.312,0,Stone Temple Pilots,0.983,Atlantic Records,4,"grunge,alternative rock,post-grunge,rock",2026-06-12T16:47:02Z,2
0.0643,0.0000397,324413,false,0.000135,0.392,146.717,rwinj,,0.389,Core (Super Deluxe Edition),1992-09-29,-5.979,spotify:track:03h7aLNRDhxMOmVLcbtfl1,Piece of Pie - 2017 Remaster,53,0.157,1,Stone Temple Pilots,0.934,Rhino Atlantic,4,"grunge,alternative rock,post-grunge,rock",2026-06-12T20:40:50Z,7
0.0822,0.626,232533,false,0.00254,0.306,133.963,rwinj,,0.255,Foo Fighters,1995-07-04,-6.687,spotify:track:4LGKzrdEeBwR9UHCGlDT0W,I'll Stick Around,61,0.13,1,Foo Fighters,0.985,RCA Records Label,4,"rock,post-grunge,alternative rock,grunge",2026-06-13T00:29:45Z,0
0.0464,0.0022,254746,false,0.0372,0.381,130.377,rwinj,,0.69,Tons Of Sobs,1968-03-14,-8.526,spotify:track:6zFFYdst2u4PIKykSU7HOT,The Hunter,36,0.115,0,Free,0.617,UMC (Universal Music Catalogue),4,"classic rock,blues rock",2026-06-13T17:42:11Z,4
0.0403,0.00208,247866,false,0.00111,0.594,114.258,rwinj,,0.805,The Complete John Peel Sessions,2008-01-01,-7.536,spotify:track:3y6I3mmoWq8YQeN6NGFfon,A Song From Under The Floorboards,20,0.31,1,Magazine,0.938,Virgin Catalogue,4,"post-punk,new wave,proto-punk,madchester,gothic rock",2026-06-13T23:50:35Z,0
0.0724,0.132,229915,false,0.0000156,0.362,91.717,rwinj,,0.319,Ultramega OK (Expanded Reissue),2017-03-10,-4.617,spotify:track:4QPIp6AKNrCqFTaUuOYl0O,All Your Lies,39,0.319,0,Soundgarden,0.921,Sub Pop Records,4,"grunge,post-grunge,hard rock",2026-06-15T15:33:36Z,4
0.0408,0.000251,260784,false,0.0117,0.288,140.122,rwinj,,0.2,Ultramega OK (Expanded Reissue),2017-03-10,-5.708,spotify:track:3jQ5FQxLRJiLvv6UPj0KIH,Mood for Trouble,37,0.111,0,Soundgarden,0.846,Sub Pop Records,4,"grunge,post-grunge,hard rock",2026-06-15T15:35:58Z,4
0.0429,0.054,274760,false,0.0000304,0.396,106.483,rwinj,,0.37,4 Singles,2026-05-06,-9.76,spotify:track:4lMj55jbeHXYBXM5Z6wvMP,Havana,4,0.225,1,Gary Myrick,0.72,Sound Of Vinyl Records,4,"new wave,synthpop",2026-06-16T14:43:30Z,9
0.0356,0.00445,230952,false,0.000218,0.457,120.339,rwinj,,0.404,4 Singles,2026-05-06,-11.072,spotify:track:49m5Z5iG65fXr1Pvm4rQ08,Fame Is Dangerous,23,0.272,1,Gary Myrick,0.613,Sound Of Vinyl Records,4,"new wave,synthpop",2026-06-16T14:44:30Z,6
0.209,0.112,256933,false,0.171,0.631,168.125,rwinj,,0.591,Lovage: Music to Make Love to Your Old Lady By,2001-11-06,-11.278,spotify:track:5yGAtvmSwEOjfyLjjREAyy,Everyone Has a Summer,33,0.0747,0,Lovage;Mike Patton;Jennifer Charles;Nathaniel Merriweather,0.614,Bulk Recordings,4,"trip hop,downtempo,avant-garde,industrial rock",2026-06-16T15:30:23Z,5
0.0645,0.00423,195453,false,0.00014,0.443,141.303,rwinj,,0.716,Louder Than Bombs,1987-01-01,-5.298,spotify:track:17OgrEnuBJlrm0eksr3hfd,Hand in Glove - 2011 Remaster,43,0.397,0,The Smiths,0.974,WM UK,4,"new wave,madchester,jangle pop",2026-06-16T15:53:43Z,5
0.029,0.33,278480,false,0.0000579,0.502,102.252,rwinj,,0.573,Achtung Baby (Deluxe Edition),1991-11-18,-10.438,spotify:track:4iiX7axMHcc76BGM0QJEY5,Until The End Of The World,57,0.507,1,U2,0.68,Universal-Island Records Ltd.,4,rock,2026-06-16T17:59:32Z,2
0.0307,0.0000299,273906,false,0.106,0.648,140.035,rwinj,,0.471,Easter Lily EP,2026-04-03,-9.672,spotify:track:1fbIlgO7EgYsDzk3r3uRz2,In A Life,59,0.207,0,U2,0.532,Universal-Island Records Ltd.,4,rock,2026-06-16T18:45:33Z,11
0.048,0.00000856,194133,false,0.461,0.629,107.798,rwinj,,0.719,"Kiss Me, Kiss Me, Kiss Me",1987-05-25,-4.664,spotify:track:3RcrFgETR1QGjzV6ZzIRBy,Why Can't I Be You?,53,0.0522,0,The Cure,0.949,Rhino/Elektra,4,"new wave,post-punk,gothic rock,darkwave",2026-06-17T14:34:22Z,0
0.0364,0.000715,235586,false,0.00136,0.516,116.794,rwinj,,0.899,...Like Clockwork,2013-06-03,-4.004,spotify:track:1D3YGmST01Ba0WRiT7THPG,I Sat by the Ocean,67,0.11,0,Queens of the Stone Age,0.78,Matador,4,"stoner rock,alternative rock",2026-06-17T14:48:04Z,8
0.0627,0.000953,174026,false,0.0113,0.364,161.797,rwinj,,0.927,Lullabies To Paralyze,2005-01-01,-2.955,spotify:track:0BqQWfhMrkpRAUCbdfdHUC,Little Sister,63,0.411,1,Queens of the Stone Age,0.959,Interscope,4,"stoner rock,alternative rock",2026-06-17T14:48:26Z,1
0.0297,0.195,202680,false,0.0716,0.597,126.066,rwinj,,0.939,Queens of the Stone Age,1998-09-22,-4.484,spotify:track:60wTHSJ0PxxwZDiSLiFaQX,If Only,61,0.0797,0,Queens of the Stone Age,0.892,Matador,4,"stoner rock,alternative rock",2026-06-17T14:57:00Z,5
0.0353,0.00951,216000,false,0.0756,0.544,110.754,rwinj,,0.418,Rated R,2000-06-06,-4.788,spotify:track:1RwDsaft1szD0FO3DVEtaT,The Lost Art Of Keeping A Secret,61,0.719,1,Queens of the Stone Age,0.791,Interscope,4,"stoner rock,alternative rock",2026-06-17T16:49:40Z,1
0.046,0.0977,294706,false,0.0223,0.437,143.563,rwinj,,0.508,'Live And Dangerous',1978-06-02,-11.994,spotify:track:45IMiWdNPuIV55agMZAZ6h,Cowboy Song - Live,28,0.743,1,Thin Lizzy,0.748,Rhino/Warner Records,4,"classic rock,hard rock",2026-06-17T17:19:36Z,8
0.0332,0.00254,200905,false,0.000136,0.525,100.075,rwinj,,0.57,Love Chant,2025-10-24,-3.194,spotify:track:7ByP3rz2qHhCoXyphUufad,Deep End,29,0.54,0,The Lemonheads,0.986,Fire Records,4,"power pop,alternative rock",2026-06-17T17:45:11Z,4
0.0411,0.00811,278880,false,0.0341,0.673,117.031,rwinj,,0.642,This Is Big Audio Dynamite,1985-11-01,-12.884,spotify:track:7L047y1ZHviYNfScX0wLXa,The Bottom Line,42,0.0948,1,Big Audio Dynamite,0.789,Columbia/Legacy,4,"new wave,alternative dance",2026-06-17T18:23:10Z,2
0.0325,0.0537,230800,false,0.000983,0.591,136.769,rwinj,Rock/Alternative,0.729,Saturation,1993-01-01,-8.874,spotify:track:6E8hhcSnvtevktpFSnHmjK,Sister Havana,45,0.0659,1,Urge Overkill,0.803,Geffen,4,Rock/Alternative,2026-06-17T19:06:06Z,5
0.0459,0.000124,249533,false,0.11,0.376,173.119,rwinj,,0.487,Shake Your Money Maker,1990-02-13,-3.535,spotify:track:4nJlfdLIucLBkXEJPsSCSp,Twice As Hard,63,0.277,1,The Black Crowes,0.851,American Recordings Catalog P&D,4,"southern rock,jam band,rock",2026-06-17T19:24:17Z,0
0.056,0.00000321,322640,false,0.0011,0.408,160.534,rwinj,,0.351,The Southern Harmony And Musical Companion,1992-01-01,-3.777,spotify:track:4FgGFfL3FxvNxybHFcaz3m,Remedy,0,0.08,1,The Black Crowes,0.978,American Recordings Catalog P&D,4,"southern rock,jam band,rock",2026-06-19T22:15:33Z,8
0.0305,0.587,339106,false,0.232,0.697,98.066,rwinj,,0.572,It's Hard,1982-09-04,-9.695,spotify:track:0LN5gIsS5tQSmRzQrHSaTR,Eminence Front,73,0.0404,0,The Who,0.787,Geffen*,4,"classic rock,rock",2026-06-19T22:18:53Z,5
0.0409,0.0000511,276933,false,0.0000181,0.24,178.229,rwinj,,0.573,Don't Be a Stranger,2016-10-07,-4.841,spotify:track:7uuiEAFGs0wHQKr7bdseNH,Changing,27,0.236,1,The Moondoggies,0.784,Hardly Art,4,alt country,2026-06-19T22:23:13Z,4
0.0386,0.278,221212,false,0.000195,0.486,99.034,rwinj,Pop,0.506,Norm,2026-06-12,-7.673,spotify:track:6lv3hkWzVu8e6ZwyX0FTgz,Norm,18,0.0851,1,Tarantula Bill,0.769,Mean World Records,4,Pop,2026-06-21T15:25:23Z,9
0.0799,0.0000719,267173,false,0.693,0.554,133.363,rwinj,,0.803,Pronounced' Leh-'Nerd 'Skin-'Nerd,1973-01-01,-7.706,spotify:track:0x2wtJbtJrox3SDmnMj97x,Gimme Three Steps,72,0.225,1,Lynyrd Skynyrd,0.74,Geffen*,4,"southern rock,classic rock,rock",2026-06-24T14:32:49Z,9
0.0437,0,256370,false,0.00212,0.437,190.041,rwinj,,0.928,展望未來,2017-03-04,-3.871,spotify:track:7KsVfP6wf869ZbhXtD9Rkp,就在星期五,7,0.201,1,Mary Bites Kerry,0.82,"Between Co., Ltd.",4,"taiwanese indie,ska punk,ska,chinese rock",2026-06-25T16:17:30Z,2
0.0556,0,180346,false,0.000118,0.354,151.982,rwinj,,0.397,I Don't Want You Anyway,2026-04-08,-3.147,spotify:track:7K01DgaD56wCLYF74SWi4L,I Don't Want You Anyway,30,0.1,1,Superchunk,0.979,Merge Records,4,"power pop,indie rock,alternative rock",2026-06-25T17:07:16Z,2
0.0529,0,205626,true,0.00298,0.504,135.013,rwinj,,0.676,Scars & Souvenirs (Special Edition),2008-04-01,-2.657,spotify:track:5m7on0zpnmeAXy72ANrmfU,Bad Girlfriend,71,0.187,1,Theory of a Deadman,0.957,Roadrunner Records,4,"post-grunge,alternative metal",2026-06-25T17:09:38Z,0
0.0984,0,198360,false,0.000441,0.214,169.548,rwinj,,0.17,Head For The Door,2004-01-01,-2.983,spotify:track:1NoE1pEKbjVDmwLvrMsoop,Ugly,58,0.0977,0,The Exies,0.941,Virgin Records,4,post-grunge,2026-06-25T17:13:34Z,5
0.0342,0.00115,203000,false,0.225,0.632,119.509,rwinj,,0.725,Boggy Depot,1998-04-07,-6.785,spotify:track:0ecuZefr04QYl0cGpT53Nz,Cut You In,51,0.138,1,Jerry Cantrell,0.742,Columbia,4,"grunge,post-grunge",2026-06-25T17:15:13Z,10
0.0556,0.0197,222960,false,0.000113,0.654,119.284,rwinj,,0.584,As Good As Dead,1996-01-01,-7.409,spotify:track:3cbTV3IZZvSBYVcl0xuZbY,Bound For The Floor,77,0.0534,1,Local H,0.53,Island Records,4,"grunge,post-grunge",2026-06-25T17:16:49Z,6
0.0325,0.00375,200156,false,0.00315,0.714,103.938,rwinj,Pop/Dance,0.858,Marcy Playground,1997-01-01,-7.126,spotify:track:1LC2Hcgf2RgEbxPHNTnzaC,Saint Joe On The School Bus,56,0.126,1,Marcy Playground,0.687,Capitol Records,4,Pop/Dance,2026-06-25T17:21:11Z,4
0.0842,0.0000104,173240,false,0.00145,0.268,203.701,rwinj,,0.534,Lucy,1995-09-22,-6.486,spotify:track:14d6OQbMDNM7jO3haT3kL0,Simple Lessons,42,0.136,0,Candlebox,0.898,Maverick,3,"grunge,post-grunge",2026-06-25T17:26:43Z,6
0.076,0,310853,false,0.0465,0.4,120.066,rwinj,,0.202,Happy Pills,1998-07-21,-4.706,spotify:track:2tzeFz8J7AFzSCpxaCrJat,"10,000 Horses",54,0.164,0,Candlebox,0.931,Maverick,4,"grunge,post-grunge",2026-06-25T17:30:15Z,9
0.0641,0.0000479,245266,false,0.0000204,0.216,153.106,rwinj,,0.382,Core (Super Deluxe Edition),1992-09-29,-6.547,spotify:track:7FblcKgEyo6zZjSMAnYpOX,Wicked Garden - 2017 Remaster,67,0.104,1,Stone Temple Pilots,0.913,Rhino Atlantic,4,"grunge,alternative rock,post-grunge,rock",2026-06-25T17:31:29Z,2
0.0358,0.214,345666,false,0.000807,0.33,140.156,rwinj,,0.148,Down On The Upside,1996-05-21,-10.043,spotify:track:5TLA7O0ogTqwZHbS3ERabw,Blow Up The Outside World,65,0.126,1,Soundgarden,0.529,A&M,4,"grunge,post-grunge,hard rock",2026-06-25T17:33:33Z,9
0.0264,0.0000688,283973,false,0.0349,0.621,128.967,rwinj,,0.325,Days Of The New,1997-06-03,-9.047,spotify:track:5UNoPMX7K2W769iQ4PDfOt,Shelf In The Room,61,0.168,1,Days Of The New,0.619,Days of the New / Geffen,4,"grunge,post-grunge",2026-06-25T17:34:14Z,6
0.0534,0.0221,236520,false,0.0000896,0.494,130.07,rwinj,,0.675,Personal Jesus,2018-11-23,-15.678,spotify:track:6rzn7K6369rzpzsFk2Xfsd,Personal Jesus,20,0.608,0,Def Leppard,0.737,UMC (Universal Music Catalogue),4,"glam metal,glam rock,classic rock",2026-06-25T19:58:38Z,11
0.0341,0.000575,233289,false,0.106,0.701,116.174,rwinj,Pop/Dance,0.612,EP #2,2025-11-07,-7.251,spotify:track:356x2OD1llA9NfOMXVmGSk,To Space,60,0.0939,0,Kings of Leon,0.644,"Love Tap Records, LLC",4,Pop/Dance,2026-06-25T23:50:37Z,6
0.053,0.00000364,293346,false,0.0365,0.568,129.004,rwinj,,0.516,R.E.M. Live,2007-10-15,-5.457,spotify:track:0svaiEE8lMG6Q3PjMWdxLq,"Losing My Religion - Live At The Point Depot, Dublin, Ireland / February, 2005",59,0.969,0,R.E.M.,0.966,Concord Records,4,"jangle pop,alternative rock,rock",2026-06-25T23:50:50Z,9
0.0286,0.00000141,287106,false,0.0509,0.744,113.882,rwinj,,0.961,The Lonesome Jubilee,1987-01-01,-3.266,spotify:track:43oPpqzWPSZmeiwYicmzjG,Cherry Bomb,66,0.0435,1,John Mellencamp,0.945,John Mellencamp 2023 (Island),4,classic rock,2026-06-25T23:51:12Z,7
0.0363,0.000107,218960,false,0.042,0.785,125.447,rwinj,,0.971,American Fool,1982-01-01,-5.306,spotify:track:67eX1ovaHyVPUinMHeUtIM,Hurts So Good,76,0.108,1,John Mellencamp,0.737,John Mellencamp 2023 (Island),4,classic rock,2026-06-25T23:51:23Z,9
0.0503,0.00034,302626,false,0.00506,0.529,150.326,rwinj,,0.751,Stranger In Town,1978-05-05,-5.198,spotify:track:5VbePtZp1at8gH990zVyTI,Hollywood Nights,70,0.201,1,Bob Seger,0.968,Bob Seger,4,classic rock,2026-06-25T23:51:32Z,9
0.0312,0.0767,355066,false,0.175,0.589,116.981,rwinj,,0.941,Substance,1987-08-17,-13.037,spotify:track:4fpxnJGDWFxjGvLJOqPPt8,True Faith,68,0.132,1,New Order,0.784,Rhino,4,"new wave,synthpop,post-punk,madchester",2026-06-25T23:51:55Z,0
0.0255,0.039,272857,false,0.0424,0.657,128.494,rwinj,,0.759,Roxy Music Collection,2004-01-01,-11.77,spotify:track:6SsP9PE7JT83QZA8kEYHVV,More Than This,54,0.106,1,Roxy Music,0.552,EMI Gold,4,"glam rock,art rock",2026-06-25T23:51:57Z,6
0.0423,0.0000136,392675,false,0.185,0.51,97.908,rwinj,,0.491,Songs From The Big Chair (Super Deluxe Edition),1985-02-25,-11.12,spotify:track:11leihwcsTVOTo1gxpgYNG,Shout,59,0.12,1,Tears For Fears,0.931,UMC (Universal Music Catalogue),4,"new wave,synthpop",2026-06-25T23:51:58Z,0
0.0321,0.00000487,141600,false,0.0586,0.508,178.946,rwinj,,0.942,Green River (Expanded Edition),1969-08-03,-5.973,spotify:track:20OFwXhEXf12DzwXmaV7fj,Bad Moon Rising,83,0.063,1,Creedence Clearwater Revival,0.774,Craft Recordings,4,"classic rock,southern rock,country rock",2026-06-25T23:52:03Z,2
0.0832,0.000336,330643,false,0.221,0.787,120.059,rwinj,,0.824,Fire And Water,1970-06-26,-12.824,spotify:track:1gcESexgftSuLuML57Y69q,All Right Now,74,0.153,1,Free,0.472,UMC (Universal Music Catalogue),4,"classic rock,blues rock",2026-06-25T23:52:09Z,2
0.0732,0.284,267000,false,0.157,0.729,125.814,rwinj,,0.906,Electric Warrior [Expanded & Remastered],1971-09-24,-9.992,spotify:track:6FsQrRpBLgsrFeAeiQqytm,Bang a Gong (Get It On) - 2003 Remaster,70,0.195,1,T. Rex,0.818,Rhino/Warner Records,4,"glam rock,proto-punk",2026-06-25T23:52:15Z,2
0.0318,0.00000495,211577,false,0.343,0.575,139.191,rwinj,,0.74,Eagles (2013 Remaster),1972-06-01,-10.39,spotify:track:4yugZvBYaoREkJKtbG08Qr,Take It Easy - 2013 Remaster,84,0.129,1,Eagles,0.67,Rhino/Elektra,4,"classic rock,yacht rock,soft rock",2026-06-25T23:52:22Z,7
0.082,0.785,193253,false,0.000292,0.71,129.124,rwinj,,0.401,Glitter,1973-01-01,-10.666,spotify:track:5F40csF5DtKOGfEg8vuz1d,Rock 'n' Roll (Part 2),63,0.0857,0,Gary Glitter,0.314,Snapper Music,4,glam rock,2026-06-25T23:52:34Z,11
0.0568,0.205,221746,false,0.0457,0.571,137.317,rwinj,,0.645,"Through The Past, Darkly (Big Hits Vol. 2) [UK Version]",1969-09-12,-9.152,spotify:track:1gqTXnc7WXBI9AwcCiqcJ1,Jumpin' Jack Flash - Mono Version,46,0.0753,1,The Rolling Stones,0.901,ABKCO (US),4,"classic rock,rock",2026-06-25T23:52:45Z,3
0.0484,0,221332,false,0.018,0.587,159.925,rwinj,Rock/Alternative,0.735,5,1998-05-12,-5.066,spotify:track:1OxcIUqVmVYxT6427tbhDW,Fly Away,82,0.622,1,Lenny Kravitz,0.872,Virgin Records,4,Rock/Alternative,2026-06-25T23:53:01Z,7
0.029,0.0000676,268421,false,0.00125,0.3,146.762,rwinj,Rock/Alternative,0.392,Blue Electric Light,2024-05-24,-4.833,spotify:track:3q44HY8PBUSUVFuy8Uboxh,Paralyzed,47,0.109,1,Lenny Kravitz,0.735,BMG Rights Management GmbH,4,Rock/Alternative,2026-06-25T23:53:14Z,9
0.031,0.267,224200,false,0.425,0.573,120.308,rwinj,Pop,0.149,Ghost In The Machine (Remastered 2003),1981-10-02,-10.927,spotify:track:5u8Dwz4h41DDOKfeFfexMR,Invisible Sun,60,0.0934,1,The Police,0.396,Polydor Records,4,Pop,2026-06-25T23:53:47Z,10
0.0341,0.621,318626,false,0.0187,0.556,146.445,rwinj,,0.965,Technique,1989-01-30,-8.219,spotify:track:255YBFFiVe4ldKi15PYGDv,Dream Attack - 2015 Remaster,42,0.0702,0,New Order,0.962,Rhino,4,"new wave,synthpop,post-punk,madchester",2026-06-25T23:54:15Z,11
0.0318,0.000611,237680,false,0.0172,0.662,113.027,rwinj,,0.857,The Best of New Order,1994-01-01,-6.484,spotify:track:0kQTkXqjtWSPCM2D14cGq3,Thieves like Us,50,0.129,1,New Order,0.682,London Records,4,"new wave,synthpop,post-punk,madchester",2026-06-25T23:54:27Z,0
0.0368,0.0000293,169280,false,0.000908,0.601,135.653,rwinj,Rock/Alternative,0.675,Listen Like Thieves (40th Anniversary Deluxe Edition),1985-10-14,-7.482,spotify:track:5eYRFnz8Gbo7MMniCQfaUi,This Time - Studio Demo,6,0.0689,1,INXS;Giles Martin;Paul Hicks,0.842,Rhino Atlantic,4,Rock/Alternative,2026-06-25T23:54:49Z,2
0.0333,0.0128,185466,false,0.0171,0.647,126.717,rwinj,Pop,0.647,Listen Like Thieves,1985-10-14,-9.563,spotify:track:7MNRqcvpme55iJG9kfgV8O,One X One,20,0.222,1,INXS,0.538,Rhino Atlantic,4,Pop,2026-06-25T23:54:59Z,11
0.0302,0.00289,153840,false,0.0747,0.499,148.928,rwinj,,0.483,Is This It,2001-07-30,-7.335,spotify:track:6gU7ohksNd6LsEJMWfDRhp,Soma,57,0.0753,1,The Strokes,0.706,RCA Records Label,4,"garage rock,indie rock,alternative rock",2026-06-25T23:55:11Z,0
0.0329,0.00223,210158,false,0.0263,0.488,116.723,rwinj,Pop,0.308,Mechanical Bull (Expanded Edition),2013-09-24,-8.357,spotify:track:2nO1DYEg1X5GHi8SSuNJQj,Wait for Me,78,0.122,1,Kings of Leon,0.624,RCA/Legacy,4,Pop,2026-06-25T23:55:22Z,9
0.0345,0.024,221890,false,0.337,0.453,91.47,rwinj,,0.724,Eat A Peach,1972-02-12,-13.4,spotify:track:4euYSSvpQZSAQ4gThyL2QD,Ain't Wastin' Time No More,64,0.0998,1,Allman Brothers Band,0.607,Island Def Jam,4,"southern rock,jam band,classic rock,blues rock,country rock",2026-06-25T23:55:29Z,3
0.036,0.00000417,280146,false,0.232,0.626,115.401,rwinj,,0.864,1984 (Remastered),1984-01-04,-4.575,spotify:track:2TIKWWCf6qAtVP6AGa7e9k,I'll Wait - 2015 Remaster,64,0.501,0,Van Halen,0.852,Rhino/Warner Records,4,"glam metal,classic rock,rock,hard rock",2026-06-25T23:55:36Z,2
0.029,0.0000814,260133,false,0.114,0.592,116.439,rwinj,,0.901,Meat Is Murder,1985-02-11,-7.005,spotify:track:6rZ4Q8YW88xCERDq0AEbmt,Rusholme Ruffians - 2011 Remaster,50,0.333,1,The Smiths,0.895,WM UK,4,"new wave,madchester,jangle pop",2026-06-25T23:55:46Z,2
0.0524,0.0000216,212000,false,0.0271,0.43,151.219,rwinj,,0.764,"Kiss Me, Kiss Me, Kiss Me",1987-05-25,-3.845,spotify:track:76GlO5H5RT6g7y0gev86Nk,Just like Heaven,77,0.185,1,The Cure,0.971,Rhino/Elektra,4,"new wave,post-punk,gothic rock,darkwave",2026-06-25T23:55:51Z,9
0.0526,0.000852,227630,false,0.243,0.478,147.069,rwinj,,0.854,Diver Down (Remastered),1982-04-14,-3.442,spotify:track:18fIsTimWvKXA2whjHYON3,Little Guitars - 2015 Remaster,52,0.114,1,Van Halen,0.95,Rhino/Warner Records,4,"glam metal,classic rock,rock,hard rock",2026-06-25T23:56:05Z,5
0.0357,0.927,270400,false,0.00849,0.432,144,rwinj,,0.189,(Rotten Apples) The Smashing Pumpkins Greatest Hits,2001-01-01,-9.755,spotify:track:3eMYc6FK9XvyauIaxcJtRS,Drown,68,0.107,1,The Smashing Pumpkins,0.415,Virgin Records,4,"alternative rock,rock",2026-06-25T23:56:51Z,2
0.0296,0.253,259200,false,0.373,0.384,136.136,rwinj,,0.159,Jar Of Flies,1994-01-01,-10.059,spotify:track:2JuasWPUodaUxf5nwNpciQ,Nutshell,83,0.0775,0,Alice In Chains,0.561,Columbia,3,"grunge,post-grunge",2026-06-25T23:56:55Z,3
0.0458,0.57,160173,true,0.0000349,0.438,128.04,rwinj,,0.701,Mellon Collie And The Infinite Sadness (Deluxe Edition),1995-01-01,-7.105,spotify:track:4YFcGTdgmEuw8xTO4XrxbB,Zero - Remastered 2012,71,0.0509,1,The Smashing Pumpkins,0.728,Virgin Records,4,"alternative rock,rock",2026-06-25T23:57:17Z,8
0.0394,0.0126,290106,false,0.00534,0.319,183.031,rwinj,,0.589,Down On The Upside,1996-05-21,-8.928,spotify:track:1iArQTuOzxvrtniGmkyy92,Burden In My Hand,68,0.177,1,Soundgarden,0.803,A&M,4,"grunge,post-grunge,hard rock",2026-06-25T23:57:41Z,10
0.0435,0.634,202853,false,0.0096,0.644,114.283,rwinj,,0.539,Adore (2014 Remaster),1998-01-01,-6.331,spotify:track:0GvC9hj6rWx7O1jinbhjty,Perfect,65,0.464,0,The Smashing Pumpkins,0.909,SMASHING PUMPKINS - DEAL #2 PHYSICAL,4,"alternative rock,rock",2026-06-25T23:57:57Z,4
0.0316,0.00000194,176123,false,0.000972,0.534,99.974,rwinj,Pop,0.596,Canada,2022-12-02,-5.313,spotify:track:0n0llohENPn55yP4RztnG5,Canada,40,0.176,0,The Guest List,0.789,Spinnaker Promotions,4,Pop,2026-06-25T23:58:20Z,3
0.0448,0.000416,250666,false,0.0565,0.476,154.915,rwinj,,0.844,All The Rage,1984-01-28,-12.303,spotify:track:1TAAAbxtkJuq8SK4HyQdtJ,Never You Done That,4,0.557,1,General Public,0.69,Shout Factory Records,4,new wave,2026-06-25T23:58:43Z,7
0.0574,0.0000969,547106,false,0.0742,0.249,118.222,rwinj,,0.337,Pronounced' Leh-'Nerd 'Skin-'Nerd,1973-01-01,-8.21,spotify:track:5EWPGh7jbTNO2wakv8LjUI,Free Bird,83,0.0924,1,Lynyrd Skynyrd,0.834,Geffen*,4,"southern rock,classic rock,rock",2026-06-25T23:58:48Z,0
0.0671,0.000994,202200,false,0.0872,0.501,139.095,rwinj,,0.58,Fly By Night,1975-02-15,-8.543,spotify:track:54TaGh2JKs1pO9daXNXI5q,Fly By Night,65,0.0671,1,Rush,0.702,Mercury Records,4,"progressive rock,classic rock,hard rock,rock,aor",2026-06-25T23:58:54Z,7
0.0351,0.0389,244686,false,0.167,0.632,123.092,rwinj,,0.939,Physical Graffiti (Remaster),1975-02-24,-8.282,spotify:track:0gJmT4VMZd6iYDvqfOou0A,Houses of the Holy - Remaster,46,0.571,1,Led Zeppelin,0.849,Atlantic Records,4,"classic rock,rock,hard rock,rock and roll",2026-06-25T23:59:08Z,9
0.201,0.0168,260293,false,0.132,0.128,188.337,rwinj,,0.204,Up from the Catacombs: The Best of Jane's Addiction,2006-09-18,-4.968,spotify:track:7gp0e8WPmC1xw9Juz1SSOc,Ocean Size - 2006 Remaster,18,0.218,1,Jane's Addiction,0.956,Rhino/Warner Records,4,"funk rock,grunge",2026-06-25T23:59:23Z,9
0.0566,0.412,336835,false,0.239,0.561,111.209,rwinj,,0.843,Physical Graffiti (Remaster),1975-02-24,-7.518,spotify:track:7Dmtj0kicT7AMR9TSmUASf,Trampled Under Foot - Remaster,46,0.0768,0,Led Zeppelin,0.842,Atlantic Records,4,"classic rock,rock,hard rock,rock and roll",2026-06-25T23:59:32Z,2
0.0389,0.0667,315200,false,0.0553,0.656,117.296,rwinj,,0.576,Bayou Country (Expanded Edition),1969-01-05,-7.734,spotify:track:587bVBCHYW5Q2VNRLig4AS,Born On The Bayou,73,0.0974,1,Creedence Clearwater Revival,0.601,Craft Recordings,4,"classic rock,southern rock,country rock",2026-06-25T23:59:36Z,9
0.0349,0.0863,375613,false,0.263,0.384,95.58,rwinj,,0.584,The Marshall Tucker Band,1973-08-01,-5.643,spotify:track:64PgbvQuUk8ZZc61chQ1fD,Take the Highway,57,0.0733,1,The Marshall Tucker Band,0.734,Reservoir Recordings,4,"southern rock,country rock,classic rock",2026-06-25T23:59:42Z,7
0.0337,0.0131,306800,false,0.435,0.781,101.957,rwinj,,0.864,Willy And The Poor Boys (Expanded Edition),1969-11-02,-9.196,spotify:track:4YDIm7KU50tf4lXVC4EBzc,Feelin' Blue,60,0.21,1,Creedence Clearwater Revival,0.489,Craft Recordings,4,"classic rock,southern rock,country rock",2026-06-25T23:59:53Z,7
0.0878,0.00234,197646,false,0.0114,0.262,187.517,rwinj,,0.533,You Got to Lose,2026-02-05,-5.412,spotify:track:5YrYpEPqwBymz2VgbIYGik,You Got to Lose,53,0.393,1,The Black Keys,0.926,Easy Eye Sound/Warner Records,4,"blues rock,garage rock,modern blues,rock",2026-06-26T00:00:08Z,9
0.0327,0.000365,235413,false,0.0272,0.652,124.957,rwinj,,0.941,Days Of Ash EP,2026-02-18,-7.671,spotify:track:3xbZa70HOBQpGQcaR3HqW1,Song Of The Future,59,0.0844,0,U2,0.777,Universal-Island Records Ltd.,4,rock,2026-06-26T00:00:10Z,9
0.116,0.00572,145960,false,0.249,0.432,132.21,rwinj,,0.381,Beck's Blues,2024-03-15,-9.216,spotify:track:31G2l6Ou0yh1HdcfqlokaM,Shapes of Things,40,0.0953,1,Jeff Beck;The Yardbirds,0.823,Charly,4,"jazz fusion,blues rock,blues,psychedelic rock,acid rock",2026-06-26T00:01:43Z,0
0.0347,0.0000861,250400,false,0.385,0.683,115.099,rwinj,,0.734,Disraeli Gears (Deluxe Edition),1967-11,-8.289,spotify:track:2K2M0TcglCRLLpFOzKeFZA,Sunshine Of Your Love,74,0.121,1,Cream,0.594,Universal Records,4,"classic rock,psychedelic rock,acid rock,blues rock",2026-06-26T00:01:45Z,2
0.0406,0.743,667924,false,0.00349,0.357,90.385,rwinj,,0.559,Lateralus,2001-05-15,-10.257,spotify:track:0R7HFX1LW3E0ZR5BnAJLHz,Reflection,58,0.105,1,TOOL,0.662,RCA Records Label,4,"progressive metal,alternative metal,progressive rock,metal",2026-06-26T00:01:51Z,7
0.0333,0.000179,255560,false,0.000118,0.493,117.531,rwinj,,0.449,Wanting and Waiting,2024-01-12,-3.063,spotify:track:2tshfSpT1vLHlMZ88btPOj,Wanting and Waiting,40,0.159,1,The Black Crowes,0.921,Silver Arrow Records,4,"southern rock,jam band,rock",2026-06-26T00:02:16Z,7
0.0688,0.000003,176453,false,0.0000088,0.3,146.803,rwinj,,0.241,Your Favorite Toy,2026-02-19,-2.216,spotify:track:2ZSOU8Fx9uRBW57nwfPVAL,Your Favorite Toy,57,0.196,1,Foo Fighters,0.92,RCA Records Label,4,"rock,post-grunge,alternative rock,grunge",2026-06-26T00:02:44Z,11
0.0306,0.0026,336800,false,0.0848,0.756,98.382,rwinj,,0.954,I Can’t Stand Still,1982-08-13,-6.65,spotify:track:1deZHQ9Na7bnWA9pulmlXD,Dirty Laundry,67,0.0792,0,Don Henley,0.772,Rhino,4,yacht rock,2026-06-26T00:02:46Z,5
0.0326,0.000116,322093,false,0.00283,0.452,126.739,rwinj,,0.793,The Essential Kansas,2010-01-01,-5.712,spotify:track:2SUpC3UgKwLVOS2FtZif9N,Carry on Wayward Son,63,0.441,1,Kansas,0.788,Epic/Legacy,4,"classic rock,progressive rock,aor",2026-06-26T00:03:08Z,7
0.0708,0.000774,168405,false,0.0000452,0.412,163.071,rwinj,,0.454,Paranoid (Remaster),1970-09-18,-12.051,spotify:track:1Y373MqadDRtclJNdnUXVc,Paranoid - 2012 - Remaster,78,0.176,0,Black Sabbath,0.658,Rhino/Warner Records,4,"metal,heavy metal,rock,stoner rock,doom metal,hard rock",2026-06-26T00:03:12Z,4
0.0378,0.0296,274088,false,0.00298,0.379,99.436,rwinj,,0.491,Toys In The Attic,1975-04-08,-10.961,spotify:track:73TxYZd0lBCVRrHawrAglA,Sweet Emotion,80,0.104,1,Aerosmith,0.76,Aerosmith P&D - Sony,4,"classic rock,rock",2026-06-26T00:03:16Z,9
0.0353,0.0584,220893,false,0.403,0.766,128.168,rwinj,,0.919,Speak and Spell (Deluxe),1981-11-02,-9.362,spotify:track:0qi4b1l0eT3jpzeNHeFXDT,Just Can't Get Enough,78,0.183,1,Depeche Mode,0.772,Venusnote Ltd.,4,"new wave,synthpop,darkwave",2026-06-26T00:03:21Z,0
0.064,0.0035,260000,false,0.0421,0.878,116.222,rwinj,,0.882,Word Up,1986-01-01,-13.105,spotify:track:7LoGfKBAaOl0nxhodJ1240,Word Up,68,0.053,0,Cameo,0.84,Island Mercury,4,funk,2026-06-26T00:03:54Z,6
0.116,0.764,203266,false,0.0748,0.725,185.134,rwinj,,0.961,The Head on the Door,1985-08-26,-11.121,spotify:track:7ABE6G4uQxbNtYgVrpBBPA,Close to Me - 2006 Remaster,67,0.0819,1,The Cure,0.524,Rhino/Elektra,4,"new wave,post-punk,gothic rock,darkwave",2026-06-26T00:04:08Z,11
0.0379,0.765,208453,false,0.000541,0.527,146.924,rwinj,,0.899,Love Will Tear Us Apart,1980-06-01,-7.458,spotify:track:34iOH7LY3vme5rQxsVILZ4,Love Will Tear Us Apart - 2020 Remaster,74,0.127,1,Joy Division,0.923,WM UK,4,"post-punk,gothic rock,new wave,darkwave,madchester,cold wave",2026-06-26T00:04:16Z,2
0.0372,0.0177,140506,false,0.0175,0.53,130.476,rwinj,,0.844,Louder Than Bombs,1987-01-01,-4.67,spotify:track:64D3dzWyj0GpQT1AHx4kbK,Panic - 2011 Remaster,66,0.0857,1,The Smiths,0.861,WM UK,4,"new wave,madchester,jangle pop",2026-06-26T00:04:44Z,7
0.0428,0.376,225333,false,0.00987,0.415,128.229,rwinj,,0.424,B.R.M.C.,2001-01-01,-3.124,spotify:track:1gq5tbU9FTm90duAZtDZUv,Spread Your Love,55,0.136,1,Black Rebel Motorcycle Club,0.901,[PIAS] Recordings Catalogue,4,"southern gothic,garage rock,blues rock",2026-06-26T00:05:20Z,2
0.0459,0.69,354360,false,0.0397,0.631,127.4,rwinj,Instrumental,0.241,Carnavas,2006-07-25,-5.053,spotify:track:3l24Vnw1YbWv8UEKaZLjCE,Lazy Eye,70,0.117,1,Silversun Pickups,0.831,"Dangerbird Music, LLC",4,Instrumental,2026-06-26T00:05:36Z,4
0.0365,0.00142,222106,false,0.069,0.693,145.159,rwinj,,0.91,Ga Ga Ga Ga Ga (2017 Remaster),2017-10-20,-10.855,spotify:track:7cDbqFvw45zdLHGltdb1g9,The Underdog,64,0.663,1,Spoon,0.528,Matador,4,"indie rock,indie",2026-06-26T00:05:42Z,7
0.0337,0,134200,false,0.0053,0.507,142.398,rwinj,,0.907,The Presidents of The United States of America: Ten Year Super Bonus Special Anniversary Edition,2004-11-01,-3.917,spotify:track:2chzksqvbwwuRBwNB2pslH,Lump,71,0.177,1,The Presidents Of The United States Of America,0.882,PUSA Music,4,"grunge,alternative rock",2026-06-26T00:05:49Z,6
0.0376,0.253,240306,true,0.141,0.369,94.459,rwinj,,0.696,Monster (Remastered),1994-09-27,-3.923,spotify:track:2ElyyOi86SHyMKcUrv2f8e,"What’s The Frequency, Kenneth? - Remastered 2013",49,0.169,1,R.E.M.,0.948,Craft Recordings,4,"jangle pop,alternative rock,rock",2026-06-26T00:05:53Z,2
0.0888,0.0205,275973,false,0.02,0.44,122.943,rwinj,,0.156,Songs of Faith and Devotion (Deluxe),1993-03-22,-8.152,spotify:track:2M0SsKN720GGXcCqhB96LX,I Feel You,57,0.45,1,Depeche Mode,0.905,Venusnote Ltd.,3,"new wave,synthpop,darkwave",2026-06-26T00:06:02Z,2
0.0645,0.00423,195453,false,0.00014,0.443,141.303,rwinj,,0.716,Hatful of Hollow,1984-01-01,-5.298,spotify:track:0Due7jDdu0EAWHUEw12H2p,Hand in Glove - 2011 Remaster,51,0.397,0,The Smiths,0.974,WM UK,4,"new wave,madchester,jangle pop",2026-06-26T00:06:14Z,5
0.0246,0.000624,350026,false,0.000159,0.565,110.967,rwinj,,0.657,Hatful of Hollow,1984-01-01,-8.113,spotify:track:2AUmcdyrTV9uZmvJ752jQd,Reel Around the Fountain - John Peel Session 18/05/83,47,0.322,1,The Smiths,0.662,WM UK,4,"new wave,madchester,jangle pop",2026-06-26T00:06:18Z,11
0.3,0.000933,178760,false,0.0701,0.737,141.969,rwinj,Electronic,0.891,Outlandos D'Amour (Remastered 2003),1978-11-02,-5.299,spotify:track:6DjKJgwe9c90Bd2iya0fre,Can't Stand Losing You,68,0.0518,0,The Police,0.789,Polydor Records,4,Electronic,2026-06-26T00:06:21Z,2
0.0604,0,214293,false,0.131,0.352,118.3,rwinj,,0.433,Automatic For The People (25th Anniversary Edition),1992-10-05,-8.019,spotify:track:4NsTyqJkQs46AM88R8Sf84,Fall On Me - Live,20,0.707,1,R.E.M.,0.742,Craft Recordings,4,"jangle pop,alternative rock,rock",2026-06-26T00:06:25Z,0
0.0737,0.66,152706,false,0.0000479,0.354,131.442,rwinj,,0.569,Superfuzz Bigmuff (Deluxe Edition),1988-10-01,-6.984,spotify:track:2x5FYXo5rL4Phmn3UPdkK3,Touch Me I'm Sick,52,0.331,1,Mudhoney,0.941,Sub Pop Records,4,"grunge,post-grunge,noise rock",2026-06-26T00:06:35Z,1
0.0384,0.000448,195306,false,0.319,0.623,145.624,rwinj,,0.745,The Captain and Me,1973-01-01,-8.448,spotify:track:7cy1bEJV6FCtDaYpsk8aG6,China Grove,70,0.081,1,The Doobie Brothers,0.91,Warner Records,4,"yacht rock,classic rock,soft rock,southern rock",2026-06-26T00:06:49Z,9
0.044,0.000201,206973,false,0.549,0.735,142.979,rwinj,,0.966,Minute by Minute,1978-01-01,-18.071,spotify:track:37oLDb3119IdKSIFQmSGRj,Minute by Minute,66,0.1,1,The Doobie Brothers,0.276,Rhino/Warner Records,3,"yacht rock,classic rock,soft rock,southern rock",2026-06-26T00:06:58Z,0
0.0517,0.0222,280466,false,0.0452,0.264,155.376,rwinj,,0.456,Wolfmother,2006-01-01,-2.741,spotify:track:7ISL3LO8AWP3fKIXunvqTa,Joker And The Thief,70,0.376,1,Wolfmother,0.78,Universal Music Australia Pty. Ltd.,4,stoner rock,2026-06-26T00:08:03Z,0
0.0283,0.443,284906,false,0.000274,0.448,97.178,rwinj,,0.565,Stoner Witch,1994-01-01,-7.896,spotify:track:09hctAvAEUpm7MKl1RBK2j,Revolve,55,0.171,1,Melvins,0.796,Atlantic Records,4,"sludge metal,grunge,stoner metal,stoner rock,doom metal,drone metal,noise rock,post-grunge",2026-06-26T00:08:14Z,2
0.0593,0.809,265840,false,0.00205,0.51,141.053,rwinj,,0.386,Moving Pictures (2011 Remaster),1981-02-12,-8.244,spotify:track:3lpDrxUkr0tIe1kmJvdK7d,YYZ,61,0.068,1,Rush,0.919,Mercury Records,4,"progressive rock,classic rock,hard rock,rock,aor",2026-06-26T00:08:29Z,7
0.0517,0.00000468,203800,false,0.00521,0.457,102.307,rwinj,,0.282,Dry as a Bone/Rehab Doll,1990-09-13,-12.226,spotify:track:6bmlymaMLlpfcyWNjn4vRE,This Town,40,0.0948,1,Green River,0.92,Sub Pop Records,4,"grunge,post-grunge",2026-06-26T00:08:39Z,2
0.0302,0.341,230493,false,0.0732,0.324,133.568,rwinj,,0.208,The Dark Side of the Moon,1973-03-01,-13.398,spotify:track:05uGBKRCuePsf43Hfm0JwX,Brain Damage,74,0.366,1,Pink Floyd,0.265,Pink Floyd Records,4,"progressive rock,psychedelic rock,classic rock,art rock,rock",2026-06-26T00:09:09Z,2
0.0417,0.905,195306,false,0.0154,0.606,146.15,rwinj,,0.817,Movement,1981-01-13,-7.865,spotify:track:32TKQVwtSGCHIqmbmaNdFj,Dreams Never End - 2015 Remaster,60,0.326,1,New Order,0.913,Rhino,4,"new wave,synthpop,post-punk,madchester",2026-06-26T00:09:55Z,9
0.0308,0.0123,309400,false,0.0307,0.565,144.028,rwinj,,0.719,First Two Pages of Frankenstein,2023-04-28,-6.739,spotify:track:6oYXnC1pi6S8GJF32jvdmx,Tropic Morning News,48,0.0947,0,The National,0.818,4AD,4,indie rock,2026-06-26T00:10:19Z,6
0.0509,0.0000078,222506,false,0.00069,0.609,113.125,rwinj,,0.535,The Essentials: Ratt,1984-01-01,-7.31,spotify:track:7si505L0BOMwJ8A806S1Kw,Wanted Man,55,0.0443,1,Ratt,0.869,BMG Rights Management (US) LLC,4,"glam metal,glam rock,hard rock",2026-06-26T00:10:55Z,4
0.0348,0,277467,false,0.154,0.494,134.976,rwinj,,0.723,Can't Buy A Thrill,1972-11-01,-17.34,spotify:track:1x1XQqhBViz4opcpwc7FVs,Reelin' In The Years,78,0.0878,1,Steely Dan,0.54,Geffen,4,"yacht rock,classic rock",2026-06-26T00:11:17Z,2
0.039,0.00321,170132,false,0.16,0.641,112.529,rwinj,,0.808,Morrison Hotel,1970-02-09,-7.376,spotify:track:5piJiL6aRhvrKBa9YuEfS9,Peace Frog,68,0.648,1,The Doors,0.725,Rhino/Elektra,4,"psychedelic rock,classic rock,acid rock",2026-06-26T00:11:36Z,7
0.0393,0.12,310480,false,0.229,0.553,124.482,rwinj,,0.702,Brothers And Sisters (Deluxe Edition),2013-06-25,-8.434,spotify:track:2CgYegR1bxSUqANxXwss9g,Southbound,54,0.247,0,Allman Brothers Band,0.893,Island Def Jam,4,"southern rock,jam band,classic rock,blues rock,country rock",2026-06-26T00:11:45Z,2
0.0675,0.251,280733,false,0.182,0.424,147.947,rwinj,,0.576,Bloodshot,1973-01-01,-12.057,spotify:track:5mZ64Frr4QjMOkg3XtLlS8,(Ain't Nothin' but A) House Party,35,0.677,1,The J. Geils Band,0.858,Atlantic Records,4,classic rock,2026-06-26T00:11:54Z,2
0.0599,0.00000787,242459,true,0.00252,0.245,118.363,rwinj,,0.221,Facelift,1990-08-01,-9.352,spotify:track:60l2m3BD5VY0HSc3xmSpPI,Bleed The Freak,75,0.185,0,Alice In Chains,0.749,Columbia,4,"grunge,post-grunge",2026-06-26T00:11:59Z,8
0.121,0.354,331394,false,0.0858,0.433,134.84,rwinj,,0.401,Let There Be Rock,1977-03-21,-5.378,spotify:track:7A944u5mXbkCz0I5BdLckI,Go Down,49,0.0838,1,AC/DC,0.803,Columbia,4,"rock,hard rock,classic rock,rock and roll",2026-06-26T00:12:43Z,9
0.0386,0.0000337,246306,false,0.0148,0.343,156.905,rwinj,,0.522,Tiny Music...Songs from the Vatican Gift Shop,1996-03-26,-4.897,spotify:track:6y1I8cGzw6KWy2zPA572Jq,Lady Picture Show,53,0.113,1,Stone Temple Pilots,0.936,Atlantic Records,4,"grunge,alternative rock,post-grunge,rock",2026-06-26T00:13:17Z,4
0.0487,0.293,207085,false,0.000286,0.514,125.274,rwinj,,0.655,Who Made Who,1986-05-24,-5.135,spotify:track:6rvldt6EoZwzogApECUCwd,Who Made Who,72,0.607,1,AC/DC,0.825,Columbia,4,"rock,hard rock,classic rock,rock and roll",2026-06-26T00:14:35Z,0
0.0384,0.00000193,234040,false,0.0487,0.565,143.928,rwinj,,0.591,Waking & Dreaming,1976-01-01,-10.793,spotify:track:2dtK02TSAuTvVYU2wGAVG0,Still the One,69,0.16,1,Orleans,0.615,Rhino/Elektra,4,"yacht rock,soft rock",2026-06-26T00:14:44Z,4
0.0639,0.0000786,176346,true,0.0000264,0.38,186.113,rwinj,,0.769,American Idiot,2004-09-21,-2.042,spotify:track:6nTiIhLmQ3FWhvrGafw2zj,American Idiot,86,0.368,1,Green Day,0.988,Reprise,4,"punk,pop punk",2026-06-26T00:15:02Z,1
0.0695,0.00000465,187133,false,0.000185,0.663,135.155,rwinj,,0.75,Favourite Worst Nightmare (Standard Version),2007-04-24,-4.453,spotify:track:3BcQFPRZuuUClWStz29WjN,Old Yellow Bricks,62,0.0808,1,Arctic Monkeys,0.839,Domino/Warner Records,4,"indie,garage rock",2026-06-26T00:15:12Z,0
0.0894,0.846,269786,false,0.000606,0.166,167.518,rwinj,,0.281,The Beatles (Remastered),1968-11-22,-8.469,spotify:track:0Bs0hUYxz7REyIHH7tRhL2,Helter Skelter - Remastered 2009,63,0.811,1,The Beatles,0.831,EMI Catalogue,4,"classic rock,psychedelic rock",2026-06-26T00:15:30Z,9
0.0319,0.575,326906,false,0.0000396,0.503,130.646,rwinj,,0.548,Love,1985-10-18,-7.202,spotify:track:1Ykxsic1V3kvfTg9y6ypbr,Nirvana,45,0.126,1,The Cult,0.725,Beggars Banquet,4,"hard rock,glam metal,gothic rock",2026-06-26T00:15:55Z,9
0.0928,0.454,496626,false,0.0000475,0.264,90.246,rwinj,,0.414,Master of Puppets (Remastered Deluxe Box Set),1986-03-03,-7.615,spotify:track:2a2le1M7cmvdrg1QHH7H53,Disposable Heroes (Remastered),56,0.0897,0,Metallica,0.931,Blackened Recordings,4,"metal,thrash metal,rock,heavy metal,hard rock",2026-06-26T00:16:20Z,4
0.0329,0.0522,318906,false,0.0021,0.476,131.248,rwinj,,0.699,The Blurred Crusade,1982-02-25,-7.375,spotify:track:25MyPE0hQqRHa2y6NpTuek,Just For You - 2002 Digital Remaster,28,0.231,1,The Church,0.734,EMI Music Australia,4,"jangle pop,new wave,post-punk,neo-psychedelic,dream pop",2026-06-26T00:16:39Z,2
0.0523,0,348066,false,0.0659,0.717,105.693,rwinj,,0.774,Mothership Connection,1975-12-15,-9.503,spotify:track:4XRkQloZFcRrCONN7ZQ49Y,Give Up The Funk (Tear The Roof Off The Sucker),62,0.326,1,Parliament,0.665,Def Jam West,4,"funk,funk rock",2026-06-26T00:17:58Z,9
0.033,0.0000255,287786,false,0.00154,0.635,130.156,rwinj,,0.95,Lost Sirens,2013-01-11,-7.895,spotify:track:6Wc5Igd6TP8J6NaCWs0Ubf,Sugarcane,22,0.122,0,New Order,0.791,Rhino,4,"new wave,synthpop,post-punk,madchester",2026-06-26T00:18:22Z,8
0.0527,0.0000368,191946,false,0.00515,0.178,182.319,rwinj,,0.572,Accelerate,2008-03-31,-2.349,spotify:track:0wjfUZsUl6MW8qbcwSyBaD,Living Well Is The Best Revenge,31,0.437,1,R.E.M.,0.921,Concord Records,4,"jangle pop,alternative rock,rock",2026-06-26T00:18:51Z,9
0.0661,0.00191,285760,false,0.267,0.384,128.49,rwinj,,0.685,Brain Salad Surgery,1973-11-19,-9.079,spotify:track:6WfjV745TiUcD8KdUKp241,"Karn Evil 9 1st Impression, Pt. 2 (2014 - Remaster)",50,0.0756,1,"Emerson, Lake & Palmer",0.817,BMG Rights Management (UK) Ltd.,4,"progressive rock,art rock",2026-06-26T00:19:00Z,1
0.029,0.577,242026,false,0.00929,0.463,150.066,rwinj,,0.912,The Ocean Blue,1989-01-01,-9.943,spotify:track:1Nm7gI6fbdeUMWSA1YSpEk,Between Something and Nothing,52,0.498,1,The Ocean Blue,0.89,Warner Records,4,"jangle pop,new wave,dream pop",2026-06-26T00:19:25Z,0
0.0601,0.00332,336066,false,0.00443,0.415,126.001,rwinj,,0.833,John Cougar,1979-01-01,-5.362,spotify:track:2cdwkBvcf927tAUvCR2ggy,I Need A Lover,40,0.372,1,John Mellencamp,0.867,John Mellencamp 2023 (Island),4,classic rock,2026-06-26T00:19:27Z,6
0.0301,0.00000164,342600,false,0.361,0.4,135.317,rwinj,,0.298,Temple Of The Dog,1990-01-01,-10.778,spotify:track:4m1BHxinyAOrymQFKqTsr6,Times Of Trouble,56,0.335,1,Temple Of The Dog,0.576,A&M,3,"grunge,post-grunge",2026-06-26T00:20:52Z,0
0.0296,0.000827,368440,false,0.0116,0.373,98.7,rwinj,,0.34,The Unforgettable Fire (Remastered),1984-10-01,-9.055,spotify:track:6TQ7XVKcCQcfCEmv0QYYV8,Bad - Remastered 2009,56,0.0905,1,U2,0.681,Universal-Island Records Ltd.,4,rock,2026-06-26T00:20:56Z,2
0.0861,0.493,346706,false,0.0000571,0.404,79.165,rwinj,,0.702,The Blurred Crusade,1982-02-25,-6.658,spotify:track:3aVlzlVWmhYEog0L27aWap,When You Were Mine - 2002 Remastered,34,0.116,0,The Church,0.721,EMI Music Australia,4,"jangle pop,new wave,post-punk,neo-psychedelic,dream pop",2026-06-26T00:21:25Z,11
0.0487,0.0000209,344226,false,0.0169,0.222,75.634,rwinj,,0.322,A Question Of Balance,1970-08-07,-9.942,spotify:track:4Q27I5G3W14hnYVi45oi2h,Question,51,0.471,1,The Moody Blues,0.659,UMC (Universal Music Catalogue),4,"progressive rock,art rock,psychedelic rock,baroque pop,blues",2026-06-26T00:21:33Z,0
0.102,0.096,248306,false,0.000266,0.478,141.082,rwinj,,0.275,Contraband,2004-01-01,-3.866,spotify:track:7kF1iPJTj3VFJX9XokQ80F,Slither,65,0.0738,1,Velvet Revolver,0.974,RCA Records Label,4,grunge,2026-06-26T00:21:54Z,7
0.0473,0.000064,225626,false,0.0152,0.62,127.215,rwinj,,0.691,The Cars,1978-06-06,-9.307,spotify:track:4alHo6RGd0D3OUbTPExTHN,Just What I Needed,76,0.0858,1,The Cars,0.579,Elektra Records,4,"power pop,new wave,classic rock",2026-06-26T00:22:17Z,4
0.0468,0.0221,246767,false,0.0932,0.583,113.263,rwinj,,0.787,The Royal Scam (2025 Remaster),1976-05-31,-11.214,spotify:track:4HtGCkV63YB0vTJ8Eso7xq,Green Earrings - 2025 Remaster,51,0.164,0,Steely Dan,0.869,Geffen,4,"yacht rock,classic rock",2026-06-26T00:22:23Z,2
0.0349,0.0443,229653,false,0.072,0.854,110.558,rwinj,Pop/Dance,0.895,Kihnspiracy,1983-01-01,-4.738,spotify:track:1LJr4mVQgg0Y6qZlJh80ST,Jeopardy,62,0.156,1,The Greg Kihn Band,0.804,Reservoir,4,Pop/Dance,2026-06-26T00:22:37Z,0
0.0263,0,192546,true,0.83,0.59,87.83,rwinj,,0.342,Definitely Maybe,1994-08-29,-11.7,spotify:track:0oemhAQXaaIHCEARF9JFGg,Married With Children,61,0.334,1,Oasis,0.429,Big Brother Recordings Ltd,4,"britpop,madchester",2026-06-26T00:22:51Z,4
0.0433,0.258,284600,false,0.0000747,0.368,171.692,rwinj,,0.347,The Best Of 1990-2000,2002-01-01,-6.978,spotify:track:5TsHqbDKaSs4ECZX0045YS,"Hold Me, Thrill Me, Kiss Me, Kill Me - From 'Batman Forever'",56,0.218,0,U2,0.852,Universal-Island Records Ltd.,4,rock,2026-06-26T00:23:06Z,10
0.0468,0.00321,201906,false,0.0781,0.315,152.116,rwinj,,0.118,U218 Singles,2006-01-01,-7.026,spotify:track:6uQL0epVs9N9Bergafaf6x,The Saints Are Coming,43,0.152,0,U2;Green Day,0.81,Universal-Island Records Ltd.,4,"rock,punk,pop punk",2026-06-26T00:23:36Z,4
0.0648,0.000697,291601,false,0.241,0.339,109.587,rwinj,,0.324,Live Rust,1979-11-14,-8.323,spotify:track:4QEGY6wW9sLFQKA45hHBM2,Sedan Delivery - Live; 2016 Remaster,28,0.97,1,Neil Young;Crazy Horse,0.95,Reprise,4,"classic rock,folk rock,singer-songwriter,roots rock",2026-06-26T00:24:05Z,2
0.0413,0.0047,300466,false,0.0675,0.414,158.907,rwinj,Rock/Alternative,0.567,Synchronicity (Remastered 2003),1983-06-17,-8.714,spotify:track:5ynO8cYFjDwELIZfFHHeYe,Synchronicity II,64,0.333,1,The Police,0.851,Polydor Records,4,Rock/Alternative,2026-06-26T00:24:10Z,2
0.0589,0.869,214935,false,0.000509,0.501,146.204,rwinj,,0.504,Some Girls Wander by Mistake,1992-01-01,-7.683,spotify:track:4PbxSwW7CxxYIFINPjuTnd,Alice,49,0.0928,0,Sisters of Mercy,0.67,Rhino,4,"gothic rock,darkwave,post-punk,deathrock,cold wave,new wave,gothic metal",2026-06-26T00:24:21Z,11
0.0321,0.000322,162266,false,0.000637,0.389,159.876,rwinj,,0.899,Kilimanjaro,1980-01-01,-4.353,spotify:track:2vULfNEAOjjRyjj6hs0kBm,Reward,44,0.31,1,The Teardrop Explodes,0.746,Island Records,4,"post-punk,new wave,neo-psychedelic",2026-06-26T00:24:32Z,0
0.0482,0.000101,203964,false,0.00749,0.42,137.599,rwinj,,0.542,Especially For You,1986-01-01,-11.774,spotify:track:4T5Rcn6qefZOUMgDb8AkEt,Behind The Wall Of Sleep,44,0.161,0,The Smithereens,0.846,Capitol Nashville,4,"power pop,jangle pop,new wave",2026-06-26T00:24:56Z,10
0.0435,0.0138,183106,false,0.0837,0.526,156.578,rwinj,,0.874,The Cars,1978-06-06,-8.419,spotify:track:6Lyicg1iVi8G984O3LcNQf,Don't Cha Stop,43,0.236,1,The Cars,0.902,Elektra Records,4,"power pop,new wave,classic rock",2026-06-26T00:25:03Z,4
0.0486,0.00315,252440,false,0.0488,0.565,94.893,rwinj,,0.925,Electric Warrior [Expanded & Remastered],1971-09-24,-9.88,spotify:track:0v1wsyUb3UplLdgcdTbUEd,Jeepster - 2003 Remaster,50,0.0442,0,T. Rex,0.761,Rhino/Warner Records,4,"glam rock,proto-punk",2026-06-26T00:25:11Z,11
0.0732,0.0632,462093,false,0.0803,0.33,139.918,rwinj,,0.382,Use Your Illusion II,1991-09-18,-8.806,spotify:track:6i4Qi1mJxXjqNIL9HfJhRs,Civil War,74,0.32,0,Guns N' Roses,0.787,Guns N Roses P&D,4,"rock,glam metal,hard rock,classic rock",2026-06-26T00:53:53Z,10
0.0381,0.000269,226200,false,0.137,0.33,142.287,rwinj,,0.791,Highway Companion,2006-07-21,-4.23,spotify:track:7tSt526i6jm3zmhUfbXZHX,Saving Grace,56,0.13,1,Tom Petty,0.798,American Recordings,4,classic rock,2026-06-26T01:22:10Z,2
0.0681,0.000121,300490,false,0.00585,0.481,102.315,rwinj,,0.608,Fair Warning (Remastered),1981-05-06,-7.43,spotify:track:1eGSgC6ZhJ8D4nrZZ83LyA,Mean Street - 2015 Remaster,59,0.0722,1,Van Halen,0.902,Rhino/Warner Records,4,"glam metal,classic rock,rock,hard rock",2026-06-26T01:37:12Z,1
0.0483,0.000177,277840,false,0.000336,0.433,89.4,rwinj,,0.368,Audioslave,2002-11-17,-3.868,spotify:track:1Qdnvn4XlmZANCVy3XjrQo,Show Me How to Live,75,0.162,1,Audioslave,0.854,Epic/Interscope,4,"grunge,post-grunge,alternative metal",2026-06-26T15:47:50Z,9
0.0344,0.00256,244680,false,0.00439,0.533,80.543,rwinj,,0.58,Cochise,2003-01-12,-6.11,spotify:track:79dhcteL7MrY8SfJvwKxzu,We Got The Whip,55,0.206,0,Audioslave,0.707,Epic,4,"grunge,post-grunge,alternative metal",2026-06-26T15:52:08Z,9
0.041,0.000161,318586,false,0.000217,0.35,105.435,rwinj,,0.147,Superunknown (Deluxe Edition),1994-03-09,-5.373,spotify:track:2EoOZnxNgtmZaD8uUmz2nD,Black Hole Sun,80,0.0774,1,Soundgarden,0.828,Geffen,4,"grunge,post-grunge,hard rock",2026-06-26T15:53:04Z,6
0.0246,0.000883,317919,false,0.00146,0.604,93.011,rwinj,Pop,0.259,Tenterhooks,2026-02-06,-6.765,spotify:track:6hKwyjgslpKEKA7lZ8LJiY,Interrobang,34,0.0767,1,Silversun Pickups,0.673,New Machine Recordings,4,Pop,2026-06-26T18:25:11Z,7
0.0673,0.000403,247306,false,0.00325,0.338,133.014,rwinj,,0.199,The Who Sell Out (Super Deluxe),2021-04-23,-6.485,spotify:track:7B9F9nLxe7MZgZ68Jj86Fn,I Can See For Miles - Mono Version,53,0.0884,1,The Who,0.815,UMC (Universal Music Catalogue),4,"classic rock,rock",2026-06-26T19:10:32Z,9
0.0279,0.898,209573,false,0.339,0.611,140.112,rwinj,,0.821,Disintegration (Deluxe Edition),1989-05-02,-7.689,spotify:track:0X5C4WjQNubRysTkHOubz3,Lovesong - 2010 Remaster,72,0.224,0,The Cure,0.813,Rhino/Elektra,4,"new wave,post-punk,gothic rock,darkwave",2026-06-26T20:09:52Z,9
0.0407,0.000158,320413,false,0.0532,0.881,102.813,rwinj,,0.852,Rip It Up,1982-11-01,-9.357,spotify:track:7y4CtoXHFbs8VgcqbaYb9P,Rip It Up,54,0.0497,1,Orange Juice,0.546,Analogue Enhanced Digital Limited,4,"jangle pop,post-punk,new wave",2026-06-26T20:16:22Z,7
0.0318,0.0000024,187226,false,0.0135,0.561,120.288,rwinj,,0.638,Covers,2018-05-25,-8.793,spotify:track:4YhwwHbO9mDx3OUYc8Dkuq,It Don't Come Easy,28,0.395,1,The Smithereens,0.821,Smithereens Record Company,4,"power pop,jangle pop,new wave",2026-06-26T20:34:29Z,6
0.0382,0.371,638426,false,0.0391,0.49,118.008,rwinj,,0.732,Marquee Moon,1977-02-08,-10.83,spotify:track:7Me0vOSlJfaPY7Pc4GeItd,Marquee Moon,56,0.116,1,Television,0.536,Elektra Records,4,"proto-punk,post-punk,art rock,new wave",2026-06-26T20:36:56Z,7
0.0376,0.0691,350333,false,0.000339,0.559,92.174,rwinj,,0.454,Naveed,1994-03-22,-8.319,spotify:track:75UvFUebxOBj5Fl5euUqQA,Naveed,47,0.168,1,Our Lady Peace,0.765,Epic,4,post-grunge,2026-06-26T20:42:56Z,1
0.153,0.0000256,276133,false,0.0257,0.668,144.785,rwinj,Pop,0.803,Synchronicity (Remastered 2003),1983-06-17,-11.24,spotify:track:2CFafx1QnpbK4CQVOhzxkT,Murder By Numbers,53,0.0908,0,The Police,0.507,Polydor Records,3,Pop,2026-06-26T21:45:38Z,11
0.0761,0.00000454,292579,true,0.00178,0.394,105.338,rwinj,,0.265,Ten,1991-08-27,-6.506,spotify:track:6QewNVIDKdSl8Y3ycuHIei,Even Flow,83,0.298,0,Pearl Jam,0.944,Epic/Legacy,4,"grunge,rock,post-grunge",2026-06-27T15:32:57Z,10
0.0307,0.00686,311000,false,0.000173,0.485,94.867,rwinj,,0.551,Badmotorfinger (25th Anniversary Remaster),1991-10-08,-6.068,spotify:track:4VwPsMcRt1HPVKIdcwY9Uj,Outshined - Remastered 2016,68,0.125,0,Soundgarden,0.841,A&M,4,"grunge,post-grunge,hard rock",2026-06-27T15:35:59Z,2
0.0574,0.233,306920,false,0.0000585,0.291,133.93,rwinj,,0.296,Superunknown (20th Anniversary),1994-03-09,-3.619,spotify:track:7GwrtGLmY02SKSil0kH0rH,Superunknown,55,0.856,1,Soundgarden,0.949,A&M,4,"grunge,post-grunge,hard rock",2026-06-27T15:37:21Z,0
0.0422,0.00134,240546,false,0.00103,0.58,120.91,rwinj,,0.533,King Animal (Deluxe Version),2012-11-13,-4.577,spotify:track:0g63pVqj263CMsnm7H6BtN,By Crooked Steps,40,0.192,1,Soundgarden,0.858,UMC (Universal Music Catalogue),5,"grunge,post-grunge,hard rock",2026-06-27T15:40:40Z,7
0.0562,0.0265,206223,false,0.00241,0.47,100.787,rwinj,,0.336,Ultramega OK (Expanded Reissue),2017-03-10,-5.468,spotify:track:3tlwwCJNVuvvnQNdP7XkRF,Flower,45,0.258,1,Soundgarden,0.789,Sub Pop Records,4,"grunge,post-grunge,hard rock",2026-06-27T15:43:03Z,7
0.0898,0.209,361640,false,0.00219,0.19,181.773,rwinj,,0.214,Chris Cornell (Deluxe Edition),2018-11-16,-5.057,spotify:track:76JLGXdo2m5TGXgs02bgyR,Hands All Over,28,0.0831,1,Soundgarden,0.973,A&M,4,"grunge,post-grunge,hard rock",2026-06-27T15:46:10Z,2
0.0686,0.455,360360,false,0.0076,0.236,181.009,rwinj,,0.228,Louder Than Love,1989-01-01,-10.009,spotify:track:1P4NeCeT76MGWkgVV8uRxP,Hands All Over,48,0.104,1,Soundgarden,0.931,A&M,4,"grunge,post-grunge,hard rock",2026-06-27T15:47:08Z,7
0.0319,0.0000584,210453,false,0.452,0.556,114.275,rwinj,,0.772,Greatest Hits,2008-05-20,-8.204,spotify:track:6SIV02mskzzc3KXK7t4NHj,American Girl,58,0.41,1,Tom Petty and the Heartbreakers,0.734,Geffen,4,classic rock,2026-06-28T13:47:43Z,2
0.0352,0.658,184960,false,0.335,0.482,127.956,rwinj,,0.375,You're Gonna Get It!,1978-01-01,-3.704,spotify:track:1cfnrxKDTz0kcKVL5EclFG,Listen To Her Heart,56,0.043,1,Tom Petty and the Heartbreakers,0.908,Tom Petty P&D,4,classic rock,2026-06-28T21:17:54Z,9
0.0378,0.0705,273906,false,0.00952,0.61,125.398,rwinj,,0.763,Eliminator,1983-03-23,-5.357,spotify:track:11oBg7EA3BgPLWrIx4Rv7D,Legs (2008 Remaster),70,0.36,1,ZZ Top,0.946,BMG Rights Management (US) LLC,4,"southern rock,classic rock,blues rock,rock",2026-06-29T14:57:26Z,4
0.0428,0.000368,192454,false,0.0922,0.762,122.769,rwinj,,0.966,London Calling (Remastered),1979-01-01,-8.712,spotify:track:6ITuEsxEy2qPhqMowdDAeI,Train in Vain (Stand by Me) - Remastered,67,0.132,1,The Clash,0.722,Sony Music UK,4,punk,2026-06-29T16:54:29Z,2
